0,3,0.0,0.066
1,4,0.0,0.046
2,1,0.0,0.04
3,1,0.0,0.04
4,1,0.0,0.052
5,2,0.0,0.047
6,1,0.0,0.055
7,1,0.0,0.055
8,3,30.0,0.058
9,6,42.0,0.062
10,2,24.0,0.058
11,2,0.0,0.056
12,1,0.0,0.046
13,5,24.0,0.048
14,5,18.0,0.047
15,1,0.0,0.046
16,1,0.0,0.045
17,1,0.0,0.045
18,2,0.0,0.052
19,3,4.0,0.054
20,2,4.0,0.057
21,2,0.0,0.047
22,1,0.0,0.057
23,1,0.0,0.052
24,2,0.0,0.054
25,2,0.0,0.052
26,4,0.0,0.058
27,2,0.0,0.044
28,1,0.0,0.059
29,3,8.0,0.049
30,2,0.0,0.059
31,2,0.0,0.052
32,2,0.0,0.053
33,1,0.0,0.059
34,3,39.0,0.063
35,5,74.0,0.067
36,6,21.0,0.064
37,1,0.0,0.06
38,1,0.0,0.06
39,1,0.0,0.06
40,2,0.0,0.057
41,5,0.0,0.056
42,3,10.0,0.059
43,2,0.0,0.056
44,1,0.0,0.057
45,1,0.0,0.057
46,2,0.0,0.058
47,5,7.0,0.061
48,3,0.0,0.056
49,1,0.0,0.06
50,3,27.0,0.062
51,3,2.0,0.049
52,3,0.0,0.05
53,2,1.0,0.052
54,2,0.0,0.048
55,2,0.0,0.052
56,5,0.0,0.053
57,2,0.0,0.059
58,4,13.0,0.054
59,2,17.0,0.053
60,2,20.0,0.054
61,3,8.0,0.058
62,2,6.0,0.054
63,1,0.0,0.064
64,1,0.0,0.064
65,1,0.0,0.064
66,1,0.0,0.067
67,1,0.0,0.068
68,6,96.0,0.068
69,7,204.0,0.072
70,3,150.0,0.073
71,2,0.0,0.047
72,3,0.0,0.056
73,3,6.0,0.053
74,1,0.0,0.059
75,2,0.0,0.058
76,4,0.0,0.052
77,3,3.0,0.055
78,2,0.0,0.053
79,2,9.0,0.056
80,4,16.0,0.059
81,2,0.0,0.058
82,2,9.0,0.059
83,3,9.0,0.05
84,2,0.0,0.055
85,2,0.0,0.06
86,3,1.0,0.05
87,2,0.0,0.052
88,8,23.5,0.055
89,1,0.0,0.05
90,1,0.0,0.052
91,3,8.0,0.053
92,3,0.0,0.058
93,1,0.0,0.056
94,7,55.0,0.059
95,3,36.0,0.063
96,2,0.0,0.049
97,2,0.0,0.059
98,9,56.0,0.062
99,2,0.0,0.06
100,2,0.0,0.059
101,3,8.0,0.056
102,1,0.0,0.059
103,3,0.0,0.054
104,3,3.0,0.052
105,3,0.0,0.064
106,2,1.0,0.055
107,2,0.5,0.053
108,4,154.0,0.074
109,2,0.0,0.051
110,2,0.0,0.05
111,4,3.5,0.051
112,3,9.0,0.059
113,3,16.0,0.063
114,1,0.0,0.058
115,2,2.0,0.062
116,5,48.0,0.07
117,1,0.0,0.065
118,1,0.0,0.065
119,4,2.5,0.051
120,2,0.0,0.047
121,1,0.0,0.053
122,2,5.0,0.056
123,5,19.0,0.059
124,4,0.0,0.054
125,3,9.0,0.059
126,1,0.0,0.062
127,1,0.0,0.062
128,1,0.0,0.062
129,8,52.0,0.067
130,2,0.0,0.051
131,3,21.0,0.058
132,1,0.0,0.054
133,1,0.0,0.057
134,2,0.0,0.053
135,2,16.0,0.059
136,2,9.0,0.051
137,3,0.0,0.05
138,6,0.0,0.064
139,5,48.0,0.061
140,7,65.0,0.062
141,3,23.0,0.063
142,2,0.0,0.063
143,4,3.0,0.06
144,2,2.0,0.051
145,3,2.0,0.051
146,2,18.0,0.054
147,2,0.0,0.046
148,3,0.0,0.049
149,2,0.0,0.053
150,3,2.0,0.06
151,2,0.0,0.059
152,2,0.0,0.053
153,7,42.0,0.057
154,7,47.0,0.057
155,2,0.0,0.054
156,2,6.0,0.054
157,4,17.0,0.06
158,1,0.0,0.054
159,1,0.0,0.054
160,1,0.0,0.047
161,2,1.0,0.046
162,2,0.0,0.052
163,4,4.0,0.054
164,1,0.0,0.052
165,1,0.0,0.049
166,2,1.0,0.043
167,2,0.0,0.053
168,2,0.0,0.055
169,3,0.0,0.055
170,4,4.0,0.058
171,3,0.0,0.062
172,2,0.0,0.052
173,2,0.0,0.054
174,4,4.0,0.055
175,2,0.0,0.051
176,2,0.0,0.044
177,3,0.0,0.059
178,3,0.0,0.056
179,3,4.0,0.062
180,1,0.0,0.055
181,2,0.0,0.057
182,1,0.0,0.057
183,1,0.0,0.057
184,7,23.5,0.061
185,2,3.0,0.05
186,2,0.0,0.059
187,4,6.0,0.052
188,2,2.0,0.062
189,2,0.0,0.053
190,2,0.0,0.051
191,3,0.0,0.057
192,3,4.0,0.054
193,2,0.0,0.057
194,3,0.0,0.051
195,2,4.0,0.052
196,2,0.0,0.049
197,1,0.0,0.054
198,6,14.0,0.056
199,4,8.0,0.061
200,2,0.0,0.058
201,3,0.0,0.057
202,2,0.0,0.058
203,1,0.0,0.055
204,2,0.0,0.05
205,7,19.0,0.066
206,2,2.0,0.066
207,5,0.0,0.07
208,2,0.0,0.058
209,1,0.0,0.055
210,4,6.0,0.053
211,1,0.0,0.05
212,1,0.0,0.05
213,1,0.0,0.05
214,2,0.0,0.053
215,3,0.0,0.056
216,2,0.0,0.047
217,1,0.0,0.05
218,3,0.0,0.053
219,1,0.0,0.045
220,1,0.0,0.046
221,3,5.0,0.048
222,2,0.0,0.051
223,2,1.0,0.05
224,3,0.0,0.047
225,2,0.0,0.047
226,2,0.0,0.05
227,2,0.0,0.052
228,2,0.0,0.05
229,3,0.0,0.052
230,2,0.0,0.05
231,2,0.0,0.051
232,2,0.0,0.055
233,1,0.0,0.054
234,2,0.0,0.057
235,1,0.0,0.062
236,3,10.0,0.055
237,1,0.0,0.052
238,3,0.0,0.051
239,3,0.0,0.049
240,4,5.0,0.052
241,2,0.0,0.049
242,6,15.0,0.051
243,2,0.0,0.045
244,2,0.0,0.045
245,1,0.0,0.043
246,5,0.0,0.047
247,3,6.0,0.045
248,1,0.0,0.045
249,6,0.0,0.049
250,2,0.0,0.047
251,5,0.0,0.047
252,6,29.333333333333332,0.049
253,3,39.83333333333333,0.05
254,3,0.0,0.051
255,3,5.666666666666666,0.054
256,1,0.0,0.041
257,6,8.0,0.045
258,3,0.0,0.051
259,2,0.0,0.043
260,5,0.0,0.043
261,4,5.5,0.043
262,3,4.0,0.045
263,2,0.0,0.04
264,2,0.0,0.041
265,1,0.0,0.038
266,2,0.0,0.039
267,2,0.0,0.041
268,1,0.0,0.045
269,3,2.0,0.047
270,1,0.0,0.045
271,1,0.0,0.045
272,2,0.0,0.045
273,1,0.0,0.045
274,7,12.0,0.047
275,1,0.0,0.045
276,2,0.0,0.044
277,2,0.0,0.047
278,3,0.0,0.047
279,5,0.0,0.049
280,6,6.0,0.049
281,2,0.0,0.041
282,5,7.0,0.051
283,1,0.0,0.051
284,8,56.33333333333333,0.054
285,5,41.5,0.057
286,1,0.0,0.043
287,2,1.5,0.044
288,1,0.0,0.047
289,2,0.0,0.047
290,3,10.0,0.049
291,1,0.0,0.045
292,3,2.0,0.047
293,1,0.0,0.047
294,1,0.0,0.037
295,5,3.0,0.049
296,3,6.0,0.051
297,3,0.0,0.039
298,6,19.0,0.049
299,5,17.666666666666664,0.052
300,2,0.0,0.038
301,1,0.0,0.046
302,5,1.0,0.049
303,2,0.0,0.051
304,1,0.0,0.049
305,6,19.833333333333332,0.051
306,4,10.0,0.054
307,1,0.0,0.049
308,4,5.0,0.039
309,3,0.0,0.043
310,3,6.0,0.047
311,4,8.0,0.049
312,3,0.0,0.047
313,8,0.0,0.049
314,3,5.5,0.049
315,3,5.5,0.051
316,7,24.0,0.054
317,2,0.0,0.056
318,3,7.5,0.054
319,4,14.166666666666666,0.045
320,2,26.666666666666664,0.043
321,3,49.666666666666664,0.041
322,2,0.0,0.047
323,1,0.0,0.038
324,1,0.0,0.043
325,3,0.0,0.045
326,2,2.0,0.047
327,3,4.0,0.049
328,1,0.0,0.047
329,2,3.0,0.049
330,3,10.0,0.047
331,2,0.0,0.039
332,3,0.0,0.045
333,2,0.0,0.047
334,4,3.5,0.043
335,4,5.0,0.047
336,4,14.5,0.051
337,4,0.0,0.052
338,2,6.0,0.049
339,1,0.0,0.047
340,4,8.0,0.041
341,2,5.0,0.043
342,4,3.5,0.045
343,2,0.0,0.047
344,2,0.0,0.047
345,2,0.0,0.047
346,2,0.0,0.045
347,1,0.0,0.043
348,1,0.0,0.043
349,1,0.0,0.039
350,4,2.0,0.041
351,4,3.5,0.047
352,4,0.0,0.044
353,6,12.0,0.045
354,3,8.0,0.047
355,5,5.5,0.047
356,2,0.0,0.049
357,2,6.0,0.044
358,1,0.0,0.041
359,1,0.0,0.045
360,4,3.0,0.047
361,3,2.0,0.047
362,5,0.0,0.049
363,1,0.0,0.049
364,1,0.0,0.049
365,2,0.0,0.049
366,2,0.0,0.051
367,2,0.0,0.045
368,2,0.0,0.045
369,2,0.0,0.041
370,3,0.0,0.045
371,2,0.0,0.045
372,1,0.0,0.043
373,1,0.0,0.045
374,1,0.0,0.043
375,1,0.0,0.043
376,1,0.0,0.047
377,1,0.0,0.043
378,4,0.0,0.045
379,1,0.0,0.047
380,1,0.0,0.038
381,2,0.0,0.045
382,1,0.0,0.041
383,6,0.0,0.069
384,4,44.0,0.075
385,1,0.0,0.06
386,6,12.0,0.064
387,1,0.0,0.06
388,1,0.0,0.055
389,2,0.0,0.063
390,1,0.0,0.061
391,5,39.0,0.065
392,5,48.0,0.07
393,5,74.0,0.075
394,3,8.0,0.061
395,5,26.5,0.071
396,8,42.5,0.073
397,1,0.0,0.068
398,1,0.0,0.068
399,1,0.0,0.068
400,1,0.0,0.068
401,1,0.0,0.063
402,7,57.0,0.068
403,1,0.0,0.063
404,1,0.0,0.058
405,5,8.0,0.061
406,2,0.0,0.065
407,1,0.0,0.057
408,4,7.0,0.06
409,2,8.0,0.061
410,1,0.0,0.061
411,3,48.0,0.065
412,2,0.0,0.055
413,7,0.0,0.064
414,2,7.0,0.067
415,1,0.0,0.06
416,5,0.0,0.059
417,1,0.0,0.056
418,1,0.0,0.064
419,3,13.5,0.068
420,4,13.5,0.073
421,3,0.0,0.069
422,3,0.0,0.064
423,2,6.0,0.061
424,3,0.0,0.067
425,4,36.0,0.072
426,6,57.0,0.076
427,2,26.0,0.076
428,2,0.0,0.059
429,3,1.5,0.065
430,5,15.0,0.058
431,5,18.0,0.059
432,2,4.0,0.062
433,1,0.0,0.056
434,1,0.0,0.06
435,4,12.0,0.064
436,3,0.0,0.066
437,2,0.0,0.059
438,3,0.0,0.06
439,3,0.0,0.064
440,1,0.0,0.052
441,3,10.0,0.055
442,3,9.0,0.058
443,3,3.0,0.063
444,2,0.0,0.063
445,2,0.0,0.065
446,2,0.0,0.061
447,3,0.0,0.075
448,1,0.0,0.053
449,3,2.0,0.056
450,2,1.0,0.057
451,3,9.0,0.062
452,2,0.0,0.06
453,2,8.0,0.058
454,3,0.5,0.065
455,3,2.0,0.065
456,3,8.0,0.064
457,3,3.0,0.058
458,1,0.0,0.057
459,3,0.0,0.062
460,2,0.0,0.058
461,2,0.0,0.06
462,2,0.0,0.066
463,2,5.0,0.055
464,3,3.0,0.06
465,2,0.0,0.06
466,1,0.0,0.055
467,2,0.0,0.053
468,3,0.0,0.06
469,3,0.0,0.058
470,2,0.0,0.061
471,1,0.0,0.054
472,3,0.0,0.057
473,2,0.0,0.057
474,2,0.0,0.056
475,2,0.0,0.052
476,1,0.0,0.049
477,3,13.0,0.052
478,3,0.0,0.054
479,3,12.0,0.057
480,3,6.0,0.054
481,4,29.0,0.06
482,4,0.0,0.048
483,2,0.0,0.054
484,5,30.0,0.052
485,6,23.0,0.05
486,2,5.0,0.048
487,1,0.0,0.053
488,2,0.0,0.056
489,2,0.0,0.048
490,11,0.0,0.073
491,2,0.0,0.056
492,3,4.0,0.052
493,4,16.0,0.053
494,2,0.0,0.046
495,2,2.0,0.048
496,4,9.0,0.051
497,2,0.0,0.05
498,2,0.0,0.051
499,2,0.0,0.051
500,1,0.0,0.063
501,4,10.0,0.067
502,1,0.0,0.055
503,1,0.0,0.055
504,5,60.0,0.058
505,2,0.0,0.056
506,3,0.0,0.057
507,3,0.0,0.057
508,2,0.0,0.051
509,3,0.0,0.051
510,1,0.0,0.051
511,6,0.0,0.054
512,1,0.0,0.051
513,1,0.0,0.051
514,1,0.0,0.063
515,1,0.0,0.058
516,1,0.0,0.062
517,1,0.0,0.062
518,2,0.0,0.062
519,2,4.0,0.062
520,5,15.0,0.066
521,5,0.0,0.067
522,4,30.0,0.071
523,4,69.0,0.06
524,2,8.0,0.056
525,2,8.0,0.056
526,3,0.0,0.06
527,1,0.0,0.056
528,3,7.0,0.053
529,1,0.0,0.051
530,3,7.0,0.053
531,1,0.0,0.051
532,8,92.0,0.063
533,2,48.0,0.067
534,3,0.0,0.051
535,3,0.0,0.049
536,3,5.0,0.051
537,1,0.0,0.048
538,3,0.5,0.053
539,7,50.0,0.06
540,2,22.5,0.064
541,2,22.5,0.064
542,2,6.0,0.057
543,4,5.0,0.057
544,4,5.0,0.057
545,3,0.0,0.054
546,6,14.0,0.054
547,2,0.0,0.056
548,7,32.0,0.06
549,2,0.0,0.063
550,4,4.5,0.054
551,5,0.0,0.056
552,2,8.0,0.056
553,2,1.5,0.051
554,2,1.5,0.051
555,4,0.0,0.053
556,3,6.0,0.06
557,3,6.0,0.053
558,3,9.0,0.051
559,2,0.0,0.051
560,1,0.0,0.051
561,4,0.0,0.054
562,2,4.0,0.053
563,3,0.0,0.056
564,5,18.0,0.062
565,3,0.0,0.054
566,3,0.0,0.054
567,1,0.0,0.056
568,3,0.0,0.06
569,4,70.0,0.069
570,5,114.0,0.072
571,1,0.0,0.049
572,1,0.0,0.049
573,2,0.0,0.063
574,1,0.0,0.047
575,4,0.0,0.046
576,3,0.0,0.046
577,1,0.0,0.046
578,3,11.0,0.048
579,2,0.0,0.046
580,2,0.0,0.051
581,2,0.0,0.046
582,5,64.0,0.048
583,1,0.0,0.046
584,6,96.0,0.051
585,3,17.0,0.048
586,1,0.0,0.044
587,6,17.0,0.046
588,1,0.0,0.044
589,4,0.0,0.053
590,1,0.0,0.05
591,1,0.0,0.05
592,3,0.0,0.044
593,1,0.0,0.042
594,6,22.0,0.05
595,1,0.0,0.048
596,1,0.0,0.048
597,9,26.0,0.046
598,1,0.0,0.044
599,1,0.0,0.044
600,1,0.0,0.044
601,1,0.0,0.044
602,1,0.0,0.044
603,1,0.0,0.046
604,5,45.0,0.048
605,3,73.0,0.05
606,1,0.0,0.046
607,1,0.0,0.044
608,1,0.0,0.044
609,5,12.0,0.046
610,4,10.0,0.046
611,1,0.0,0.044
612,4,18.0,0.046
613,2,12.0,0.044
614,5,34.0,0.046
615,1,0.0,0.048
616,3,37.0,0.051
617,1,0.0,0.046
618,3,4.0,0.048
619,2,7.0,0.044
620,1,0.0,0.044
621,1,0.0,0.046
622,3,31.0,0.048
623,1,0.0,0.046
624,5,17.0,0.048
625,1,0.0,0.044
626,2,0.0,0.044
627,1,0.0,0.046
628,3,20.0,0.048
629,1,0.0,0.042
630,3,4.0,0.044
631,1,0.0,0.046
632,6,42.0,0.048
633,1,0.0,0.048
634,3,56.0,0.051
635,1,0.0,0.042
636,3,9.0,0.044
637,4,0.0,0.044
638,1,0.0,0.048
639,7,96.0,0.051
640,3,3.0,0.044
641,1,0.0,0.042
642,1,0.0,0.048
643,1,0.0,0.044
644,3,2.0,0.046
645,3,8.0,0.046
646,1,0.0,0.044
647,1,0.0,0.042
648,3,0.0,0.044
649,1,0.0,0.048
650,2,28.0,0.051
651,1,0.0,0.048
652,4,34.5,0.054
653,6,93.5,0.051
654,1,0.0,0.044
655,4,13.0,0.046
656,1,0.0,0.048
657,6,45.0,0.048
658,7,63.0,0.05
659,1,0.0,0.044
660,1,0.0,0.044
661,1,0.0,0.042
662,3,3.0,0.044
663,1,0.0,0.042
664,2,0.0,0.044
665,1,0.0,0.05
666,3,133.0,0.053
667,4,33.0,0.054
668,5,10.0,0.051
669,2,0.0,0.044
670,1,0.0,0.042
671,3,3.0,0.046
672,4,10.0,0.048
673,1,0.0,0.046
674,1,0.0,0.046
675,2,0.0,0.046
676,2,0.0,0.044
677,2,0.0,0.051
678,1,0.0,0.046
679,3,19.0,0.048
680,8,68.5,0.054
681,7,79.5,0.051
682,1,0.0,0.051
683,1,0.0,0.051
684,1,0.0,0.046
685,4,0.0,0.048
686,1,0.0,0.046
687,3,0.0,0.048
688,1,0.0,0.044
689,4,9.0,0.046
690,1,0.0,0.044
691,3,0.0,0.046
692,6,195.0,0.056
693,1,0.0,0.051
694,3,7.0,0.055
695,1,0.0,0.052
696,3,11.0,0.046
697,1,0.0,0.044
698,2,0.0,0.041
699,1,0.0,0.039
700,2,9.0,0.046
701,1,0.0,0.046
702,6,44.0,0.048
703,1,0.0,0.044
704,3,8.0,0.044
705,1,0.0,0.048
706,2,0.0,0.041
707,1,0.0,0.039
708,2,0.0,0.048
709,3,2.0,0.042
710,1,0.0,0.041
711,1,0.0,0.046
712,3,32.0,0.048
713,4,7.0,0.044
714,1,0.0,0.042
715,1,0.0,0.046
716,2,30.0,0.048
717,1,0.0,0.046
718,3,0.0,0.048
719,1,0.0,0.048
720,6,89.0,0.051
721,1,0.0,0.044
722,4,24.0,0.046
723,1,0.0,0.044
724,1,0.0,0.051
725,10,567.0,0.054
726,7,936.0,0.056
727,1,0.0,0.048
728,3,2.0,0.042
729,1,0.0,0.041
730,1,0.0,0.044
731,1,0.0,0.042
732,2,0.0,0.044
733,1,0.0,0.044
734,3,24.0,0.046
735,1,0.0,0.044
736,3,0.0,0.046
737,1,0.0,0.05
738,3,0.0,0.053
739,3,0.0,0.055
740,5,26.5,0.057
741,1,0.0,0.059
742,4,0.0,0.057
743,6,15.75,0.06
744,6,28.0,0.062
745,1,0.0,0.057
746,1,0.0,0.059
747,1,0.0,0.054
748,5,5.0,0.055
749,3,4.5,0.053
750,5,39.5,0.057
751,1,0.0,0.052
752,2,9.5,0.051
753,2,10.5,0.055
754,3,0.0,0.057
755,1,0.0,0.055
756,2,0.0,0.055
757,6,74.5,0.058
758,5,56.0,0.056
759,4,1.5,0.054
760,3,2.0,0.057
761,1,0.0,0.053
762,6,70.25,0.056
763,4,4.0,0.057
764,3,7.0,0.054
765,1,0.0,0.049
766,2,3.0,0.052
767,1,0.0,0.047
768,1,0.0,0.048
769,1,0.0,0.048
770,3,0.0,0.047
771,5,9.5,0.05
772,5,10.0,0.051
773,1,0.0,0.047
774,3,10.0,0.051
775,1,0.0,0.052
776,3,16.0,0.054
777,3,4.0,0.059
778,3,3.0,0.053
779,3,9.5,0.055
780,8,107.0,0.057
781,2,0.0,0.054
782,2,0.0,0.052
783,4,101.0,0.06
784,1,0.0,0.054
785,2,0.5,0.049
786,3,0.0,0.051
787,3,3.5,0.055
788,1,0.0,0.052
789,4,0.0,0.055
790,2,0.0,0.062
791,4,21.0,0.058
792,1,0.0,0.051
793,4,11.0,0.054
794,2,4.0,0.057
795,4,18.0,0.057
796,1,0.0,0.054
797,1,0.0,0.045
798,1,0.0,0.051
799,2,0.0,0.054
800,4,100.0,0.063
801,1,0.0,0.059
802,2,8.0,0.064
803,8,40.0,0.055
804,4,7.0,0.06
805,2,0.0,0.052
806,1,0.0,0.049
807,2,0.0,0.052
808,2,18.0,0.054
809,2,20.0,0.051
810,1,0.0,0.05
811,4,15.0,0.053
812,2,16.0,0.057
813,2,16.0,0.057
814,3,0.0,0.055
815,4,7.0,0.06
816,1,0.0,0.056
817,2,10.0,0.049
818,2,10.0,0.046
819,3,8.0,0.049
820,2,0.0,0.051
821,1,0.0,0.052
822,3,20.0,0.052
823,2,0.0,0.053
824,2,0.0,0.053
825,2,0.0,0.057
826,3,10.0,0.06
827,4,0.0,0.06
828,3,17.5,0.064
829,4,16.0,0.063
830,1,0.0,0.06
831,14,0.0,0.059
832,2,0.0,0.063
833,6,0.0,0.056
834,2,0.0,0.06
835,3,0.0,0.056
836,2,0.0,0.06
837,5,27.5,0.065
838,2,0.0,0.062
839,2,3.0,0.062
840,2,4.0,0.063
841,1,0.0,0.064
842,2,1.0,0.068
843,4,0.0,0.06
844,3,19.0,0.056
845,3,1.0,0.057
846,9,34.0,0.056
847,3,21.0,0.053
848,6,20.0,0.05
849,4,0.0,0.056
850,2,0.0,0.053
851,1,0.0,0.053
852,5,0.0,0.06
853,3,0.0,0.063
854,9,59.0,0.056
855,5,46.0,0.06
856,2,42.0,0.063
857,3,0.0,0.053
858,2,2.5,0.057
859,5,10.0,0.054
860,3,0.0,0.057
861,2,0.0,0.056
862,2,0.0,0.056
863,2,0.0,0.056
864,4,19.0,0.053
865,2,0.0,0.056
866,1,0.0,0.053
867,1,0.0,0.056
868,1,0.0,0.056
869,3,2.0,0.056
870,1,0.0,0.053
871,3,6.0,0.061
872,2,3.5,0.061
873,2,1.0,0.056
874,4,5.0,0.055
875,4,0.0,0.052
876,3,3.0,0.054
877,2,0.0,0.057
878,5,4.5,0.055
879,1,0.0,0.048
880,2,0.0,0.053
881,3,2.0,0.051
882,3,2.5,0.051
883,4,8.0,0.052
884,2,0.0,0.053
885,4,5.5,0.058
886,1,0.0,0.048
887,1,0.0,0.048
888,1,0.0,0.048
889,1,0.0,0.048
890,2,0.0,0.055
891,3,0.0,0.053
892,3,1.5,0.054
893,3,1.5,0.051
894,3,0.0,0.053
895,5,7.5,0.056
896,3,0.0,0.053
897,2,0.0,0.054
898,1,0.0,0.051
899,2,2.0,0.055
900,3,0.0,0.056
901,2,2.0,0.055
902,6,7.5,0.056
903,2,0.0,0.056
904,1,0.0,0.056
905,1,0.0,0.056
906,1,0.0,0.056
907,1,0.0,0.053
908,1,0.0,0.053
909,1,0.0,0.053
910,1,0.0,0.056
911,1,0.0,0.05
912,3,6.0,0.053
913,1,0.0,0.048
914,1,0.0,0.048
915,1,0.0,0.048
916,1,0.0,0.048
917,3,0.0,0.05
918,3,0.0,0.05
919,1,0.0,0.056
920,1,0.0,0.056
921,3,12.0,0.051
922,1,0.0,0.046
923,1,0.0,0.046
924,1,0.0,0.046
925,1,0.0,0.046
926,3,0.0,0.048
927,3,0.0,0.048
928,6,6.5,0.058
929,5,0.0,0.058
930,3,0.0,0.054
931,2,0.0,0.053
932,1,0.0,0.056
933,2,0.0,0.049
934,3,0.0,0.048
935,2,0.0,0.048
936,2,10.0,0.046
937,4,0.0,0.059
938,1,0.0,0.056
939,4,0.0,0.056
940,4,4.0,0.057
941,4,18.0,0.049
942,3,15.0,0.051
943,4,0.0,0.053
944,4,3.0,0.056
945,3,4.0,0.059
946,2,4.0,0.048
947,1,0.0,0.046
948,5,0.0,0.044
949,4,9.166666666666668,0.046
950,4,12.833333333333332,0.046
951,5,37.0,0.049
952,5,0.0,0.06
953,5,11.0,0.064
954,3,2.0,0.059
955,1,0.0,0.057
956,4,3.5,0.059
957,1,0.0,0.056
958,3,0.0,0.051
959,3,10.0,0.054
960,2,0.0,0.051
961,2,1.0,0.057
962,2,3.5,0.046
963,3,0.0,0.064
964,2,4.0,0.046
965,4,4.5,0.054
966,2,4.5,0.054
967,2,0.0,0.051
968,3,2.0,0.054
969,4,6.0,0.051
970,3,9.0,0.046
971,4,15.166666666666666,0.049
972,1,0.0,0.053
973,4,3.0,0.056
974,3,0.0,0.056
975,3,2.0,0.057
976,2,0.0,0.044
977,2,0.0,0.044
978,2,29.0,0.051
979,3,12.0,0.064
980,2,5.0,0.06
981,3,0.0,0.057
982,1,0.0,0.054
983,2,0.0,0.06
984,3,2.5,0.059
985,1,0.0,0.056
986,3,0.0,0.054
987,3,3.5,0.053
988,1,0.0,0.051
989,3,9.0,0.056
990,1,0.0,0.044
991,3,2.0,0.06
992,4,5.0,0.046
993,4,4.5,0.049
994,3,4.0,0.046
995,3,3.0,0.053
996,2,14.0,0.046
997,5,26.0,0.058
998,2,4.0,0.044
999,1,0.0,0.044
1000,2,4.833333333333333,0.049
1001,2,25.0,0.049
1002,2,34.0,0.051
1003,2,1.0,0.051
1004,2,0.0,0.051
1005,11,91.0,0.054
1006,6,19.0,0.057
1007,1,0.0,0.051
1008,1,0.0,0.051
1009,1,0.0,0.051
1010,5,6.0,0.057
1011,3,0.0,0.06
1012,3,1.0,0.057
1013,2,0.0,0.06
1014,3,0.0,0.051
1015,3,4.0,0.056
1016,3,5.0,0.054
1017,1,0.0,0.051
1018,2,0.0,0.056
1019,4,4.5,0.059
1020,1,0.0,0.051
1021,5,0.0,0.053
1022,4,3.5,0.059
1023,4,3.6666666666666665,0.059
1024,4,3.6666666666666665,0.059
1025,2,7.0,0.049
1026,8,45.0,0.051
1027,1,0.0,0.049
1028,4,0.0,0.053
1029,1,0.0,0.064
1030,10,80.0,0.068
1031,4,4.666666666666666,0.059
1032,2,2.6666666666666665,0.063
1033,2,15.0,0.065
1034,4,9.5,0.046
1035,2,4.5,0.049
1036,2,0.0,0.06
1037,2,0.0,0.051
1038,1,0.0,0.064
1039,1,0.0,0.064
1040,1,0.0,0.064
1041,3,0.0,0.054
1042,1,0.0,0.051
1043,2,0.0,0.049
1044,3,0.0,0.054
1045,2,0.0,0.049
1046,4,2.0,0.056
1047,3,0.0,0.044
1048,2,0.0,0.042
1049,4,0.0,0.051
1050,10,32.33333333333333,0.063
1051,2,0.0,0.059
1052,5,25.0,0.067
1053,1,0.0,0.046
1054,2,0.0,0.057
1055,3,0.0,0.06
1056,3,0.0,0.057
1057,3,0.0,0.054
1058,2,0.0,0.063
1059,4,0.0,0.056
1060,5,0.0,0.049
1061,2,1.0,0.052
1062,2,1.0,0.052
1063,5,0.0,0.059
1064,1,0.0,0.056
1065,3,39.0,0.063
1066,3,0.0,0.053
1067,3,0.0,0.052
1068,2,3.0,0.055
1069,7,0.0,0.059
1070,3,10.0,0.062
1071,3,0.0,0.062
1072,7,0.0,0.065
1073,3,4.0,0.069
1074,3,0.0,0.065
1075,3,0.0,0.058
1076,2,0.0,0.061
1077,1,0.0,0.056
1078,5,0.0,0.069
1079,1,0.0,0.065
1080,2,0.0,0.062
1081,3,0.0,0.05
1082,4,0.0,0.056
1083,3,0.0,0.047
1084,2,0.0,0.058
1085,6,0.0,0.059
1086,4,34.833333333333336,0.063
1087,6,22.333333333333332,0.059
1088,4,14.999999999999998,0.062
1089,3,0.0,0.047
1090,8,47.33333333333333,0.062
1091,10,196.16666666666666,0.066
1092,2,8.0,0.064
1093,4,0.0,0.051
1094,3,7.5,0.054
1095,6,12.5,0.049
1096,3,0.0,0.058
1097,4,6.0,0.061
1098,8,44.0,0.058
1099,2,54.0,0.062
1100,6,0.0,0.053
1101,3,2.0,0.053
1102,5,0.0,0.065
1103,3,19.0,0.063
1104,6,0.0,0.049
1105,5,0.0,0.064
1106,10,71.0,0.068
1107,4,15.0,0.072
1108,3,3.0,0.059
1109,3,0.0,0.051
1110,1,0.0,0.063
1111,2,1.0,0.067
1112,2,0.0,0.059
1113,1,0.0,0.056
1114,2,0.0,0.047
1115,3,0.0,0.048
1116,5,10.0,0.059
1117,6,0.0,0.054
1118,2,0.0,0.056
1119,6,29.0,0.059
1120,2,0.0,0.05
1121,1,0.0,0.062
1122,3,56.0,0.066
1123,3,0.0,0.074
1124,4,30.0,0.053
1125,2,14.0,0.077
1126,2,0.0,0.057
1127,2,6.0,0.054
1128,3,6.0,0.061
1129,2,0.0,0.058
1130,2,0.0,0.046
1131,4,0.0,0.08
1132,3,0.0,0.054
1133,3,0.0,0.061
1134,3,0.0,0.059
1135,3,10.0,0.058
1136,4,5.0,0.064
1137,2,0.0,0.067
1138,1,0.0,0.06
1139,1,0.0,0.06
1140,8,0.0,0.057
1141,1,0.0,0.05
1142,3,4.0,0.053
1143,4,61.0,0.064
1144,1,0.0,0.049
1145,3,7.0,0.06
1146,1,0.0,0.063
1147,5,0.0,0.064
1148,5,25.666666666666664,0.067
1149,2,0.0,0.062
1150,3,57.0,0.066
1151,5,0.0,0.053
1152,3,0.0,0.059
1153,2,0.0,0.059
1154,2,1.0,0.053
1155,3,0.0,0.051
1156,4,5.0,0.053
1157,3,0.0,0.063
1158,5,0.0,0.062
1159,7,130.0,0.066
1160,3,2.0,0.056
1161,3,2.0,0.052
1162,4,0.0,0.059
1163,3,15.0,0.062
1164,4,0.0,0.051
1165,5,29.5,0.064
1166,10,253.33333333333334,0.068
1167,4,185.66666666666666,0.071
1168,1,0.0,0.063
1169,2,0.0,0.061
1170,10,166.0,0.063
1171,2,9.5,0.061
1172,1,0.0,0.048
1173,6,0.0,0.056
1174,2,0.0,0.055
1175,3,6.0,0.059
1176,3,4.0,0.059
1177,4,9.5,0.057
1178,3,24.0,0.06
1179,1,0.0,0.06
1180,1,0.0,0.064
1181,2,0.0,0.042
1182,2,0.0,0.059
1183,2,1.5,0.053
1184,2,49.0,0.058
1185,1,0.0,0.06
1186,3,0.0,0.054
1187,2,1.0,0.058
1188,1,0.0,0.048
1189,3,5.0,0.051
1190,3,6.0,0.063
1191,5,11.0,0.067
1192,3,5.0,0.071
1193,2,16.0,0.055
1194,2,0.0,0.057
1195,4,5.0,0.061
1196,2,0.0,0.056
1197,3,0.0,0.056
1198,2,0.0,0.063
1199,3,0.0,0.055
1200,2,1.0,0.052
1201,4,48.5,0.059
1202,2,0.0,0.058
1203,2,1.0,0.055
1204,3,3.0,0.062
1205,3,0.0,0.053
1206,6,0.0,0.057
1207,2,0.0,0.06
1208,3,7.0,0.061
1209,3,0.0,0.056
1210,4,4.0,0.051
1211,1,0.0,0.048
1212,2,0.0,0.056
1213,2,4.0,0.055
1214,2,2.0,0.051
1215,1,0.0,0.062
1216,3,56.0,0.066
1217,2,2.0,0.055
1218,4,0.0,0.052
1219,5,0.0,0.059
1220,2,8.0,0.056
1221,2,2.0,0.056
1222,2,1.0,0.052
1223,2,6.333333333333334,0.057
1224,12,72.0,0.06
1225,2,52.0,0.062
1226,3,8.0,0.062
1227,2,10.0,0.06
1228,2,10.0,0.06
1229,3,0.0,0.057
1230,4,26.0,0.062
1231,4,21.0,0.062
1232,2,0.0,0.061
1233,1,0.0,0.049
1234,3,9.0,0.052
1235,4,0.0,0.057
1236,2,29.0,0.06
1237,3,56.0,0.064
1238,2,0.0,0.061
1239,4,6.0,0.065
1240,1,0.0,0.055
1241,2,3.0,0.056
1242,5,13.166666666666666,0.057
1243,6,55.0,0.079
1244,6,172.0,0.074
1245,2,0.0,0.056
1246,2,0.0,0.063
1247,2,1.0,0.049
1248,2,1.0,0.055
1249,2,30.0,0.064
1250,2,0.0,0.057
1251,3,12.0,0.053
1252,4,0.0,0.063
1253,3,3.0,0.063
1254,2,0.0,0.054
1255,3,0.0,0.047
1256,3,43.0,0.063
1257,6,71.0,0.064
1258,2,5.0,0.06
1259,1,0.0,0.048
1260,3,0.0,0.051
1261,1,0.0,0.051
1262,1,0.0,0.056
1263,2,1.0,0.054
1264,1,0.0,0.053
1265,1,0.0,0.054
1266,1,0.0,0.071
1267,6,75.0,0.077
1268,5,0.0,0.061
1269,3,3.0,0.065
1270,1,0.0,0.048
1271,2,1.0,0.05
1272,6,0.0,0.052
1273,2,14.0,0.054
1274,2,1.0,0.052
1275,3,196.0,0.07
1276,6,36.0,0.051
1277,3,3.0,0.051
1278,5,51.0,0.053
1279,3,66.0,0.056
1280,4,8.0,0.063
1281,2,3.0,0.067
1282,2,0.0,0.061
1283,3,19.0,0.065
1284,4,0.0,0.055
1285,2,1.0,0.055
1286,3,0.0,0.054
1287,1,0.0,0.057
1288,2,0.0,0.057
1289,5,18.0,0.061
1290,2,4.0,0.05
1291,3,4.0,0.055
1292,2,0.0,0.06
1293,1,0.0,0.061
1294,3,3.0,0.065
1295,1,0.0,0.045
1296,4,0.0,0.058
1297,3,0.0,0.062
1298,6,0.0,0.061
1299,4,19.0,0.065
1300,4,5.0,0.056
1301,2,0.0,0.055
1302,2,1.0,0.058
1303,1,0.0,0.06
1304,3,0.0,0.064
1305,1,0.0,0.065
1306,5,22.0,0.069
1307,4,240.0,0.076
1308,5,395.0,0.082
1309,11,279.5,0.06
1310,2,11.5,0.058
1311,6,4.0,0.047
1312,2,1.0,0.049
1313,7,41.0,0.072
1314,3,3.0,0.061
1315,2,2.0,0.058
1316,3,51.0,0.056
1317,3,8.0,0.065
1318,1,0.0,0.048
1319,3,6.0,0.051
1320,2,0.0,0.054
1321,4,0.0,0.055
1322,2,0.0,0.062
1323,7,53.66666666666667,0.065
1324,2,6.0,0.065
1325,3,0.0,0.062
1326,10,129.5,0.066
1327,3,22.0,0.067
1328,1,0.0,0.062
1329,4,15.0,0.069
1330,3,0.0,0.074
1331,2,1.0,0.056
1332,3,6.0,0.053
1333,5,0.0,0.062
1334,11,207.0,0.066
1335,3,0.5,0.051
1336,1,0.0,0.048
1337,3,2.0,0.05
1338,3,17.0,0.063
1339,3,0.0,0.06
1340,4,17.0,0.063
1341,2,4.0,0.056
1342,5,0.0,0.057
1343,3,0.0,0.06
1344,1,0.0,0.051
1345,4,10.0,0.053
1346,3,8.0,0.058
1347,3,0.0,0.052
1348,5,4.0,0.058
1349,3,0.0,0.061
1350,2,1.0,0.056
1351,2,2.0,0.056
1352,4,6.0,0.051
1353,7,84.0,0.065
1354,1,0.0,0.061
1355,2,4.0,0.055
1356,8,17.0,0.053
1357,3,2.0,0.056
1358,2,0.0,0.045
1359,4,5.0,0.054
1360,5,0.0,0.054
1361,8,55.0,0.058
1362,2,35.0,0.057
1363,3,4.0,0.052
1364,3,0.0,0.055
1365,5,49.0,0.069
1366,2,0.0,0.052
1367,4,4.833333333333333,0.056
1368,3,0.0,0.058
1369,3,10.0,0.062
1370,2,0.0,0.057
1371,7,58.0,0.06
1372,3,0.0,0.064
1373,4,0.0,0.069
1374,3,34.66666666666667,0.061
1375,1,0.0,0.061
1376,2,2.0,0.065
1377,3,22.0,0.067
1378,5,0.0,0.058
1379,3,0.0,0.061
1380,3,0.0,0.065
1381,2,0.0,0.067
1382,3,10.0,0.072
1383,3,6.0,0.077
1384,2,1.0,0.047
1385,2,1.0,0.049
1386,4,3.5,0.051
1387,2,0.0,0.054
1388,2,2.0,0.053
1389,3,11.0,0.055
1390,3,0.0,0.059
1391,3,20.0,0.062
1392,1,0.0,0.054
1393,2,0.0,0.059
1394,1,0.0,0.058
1395,1,0.0,0.058
1396,2,0.0,0.062
1397,2,0.0,0.063
1398,2,0.0,0.056
1399,2,3.0,0.054
1400,5,9.333333333333332,0.057
1401,3,0.0,0.06
1402,3,0.0,0.062
1403,6,40.5,0.063
1404,1,0.0,0.056
1405,2,3.0,0.062
1406,4,20.0,0.067
1407,2,0.0,0.063
1408,3,0.0,0.048
1409,2,6.0,0.048
1410,4,9.5,0.058
1411,1,0.0,0.053
1412,3,1.0,0.055
1413,3,25.0,0.064
1414,1,0.0,0.059
1415,4,0.0,0.059
1416,7,9.0,0.062
1417,2,1.0,0.056
1418,4,10.0,0.055
1419,8,30.5,0.058
1420,2,0.0,0.056
1421,1,0.0,0.065
1422,5,15.0,0.069
1423,2,0.0,0.074
1424,3,12.5,0.065
1425,3,3.0,0.056
1426,3,0.0,0.057
1427,2,1.0,0.054
1428,2,0.0,0.059
1429,3,0.0,0.063
1430,3,0.0,0.058
1431,2,1.0,0.061
1432,3,0.0,0.057
1433,3,0.0,0.065
1434,2,9.0,0.06
1435,5,34.0,0.054
1436,4,159.0,0.057
1437,2,0.0,0.049
1438,3,23.0,0.065
1439,5,9.0,0.056
1440,3,3.0,0.057
1441,3,9.0,0.06
1442,7,23.0,0.064
1443,2,0.0,0.067
1444,4,8.0,0.055
1445,2,0.0,0.057
1446,6,18.0,0.049
1447,5,9.0,0.052
1448,2,6.0,0.054
1449,3,0.0,0.055
1450,3,0.0,0.054
1451,6,62.66666666666667,0.061
1452,3,3.333333333333333,0.063
1453,3,6.0,0.057
1454,3,6.0,0.057
1455,4,8.0,0.052
1456,2,0.0,0.054
1457,2,0.0,0.054
1458,3,3.0,0.053
1459,5,0.0,0.072
1460,10,15.0,0.052
1461,7,22.0,0.054
1462,3,160.0,0.057
1463,4,198.0,0.055
1464,1,0.0,0.046
1465,1,0.0,0.046
1466,5,9.0,0.049
1467,5,4.0,0.056
1468,5,2.5,0.056
1469,2,0.0,0.061
1470,2,6.0,0.046
1471,4,6.0,0.051
1472,5,39.333333333333336,0.058
1473,3,2.0,0.053
1474,4,6.0,0.053
1475,1,0.0,0.05
1476,3,0.0,0.079
1477,1,0.0,0.053
1478,6,14.0,0.056
1479,1,0.0,0.05
1480,2,1.0,0.052
1481,1,0.0,0.058
1482,1,0.0,0.058
1483,2,0.0,0.065
1484,6,15.0,0.059
1485,2,0.0,0.06
1486,3,0.0,0.059
1487,3,5.0,0.056
1488,4,0.0,0.063
1489,8,16.5,0.053
1490,2,0.0,0.055
1491,4,11.0,0.057
1492,4,0.0,0.049
1493,2,0.0,0.052
1494,3,0.0,0.057
1495,3,2.0,0.054
1496,3,4.0,0.059
1497,2,0.0,0.056
1498,2,0.0,0.056
1499,5,8.0,0.062
1500,2,0.0,0.065
1501,2,0.0,0.054
1502,3,19.0,0.062
1503,1,0.0,0.045
1504,2,0.0,0.062
1505,4,0.0,0.059
1506,9,163.5,0.069
1507,3,15.0,0.07
1508,2,2.0,0.054
1509,1,0.0,0.051
1510,3,2.0,0.053
1511,3,0.0,0.057
1512,5,144.0,0.068
1513,3,50.0,0.063
1514,1,0.0,0.065
1515,3,5.5,0.062
1516,4,6.0,0.053
1517,2,1.0,0.056
1518,2,0.0,0.055
1519,1,0.0,0.054
1520,2,0.0,0.054
1521,3,0.0,0.057
1522,3,1.0,0.056
1523,4,9.0,0.06
1524,5,10.333333333333334,0.061
1525,3,0.0,0.065
1526,3,7.0,0.053
1527,2,1.0,0.057
1528,6,22.0,0.052
1529,2,4.0,0.055
1530,9,29.0,0.056
1531,5,0.0,0.059
1532,3,1.0,0.058
1533,1,0.0,0.053
1534,1,0.0,0.054
1535,3,0.0,0.055
1536,3,7.0,0.053
1537,2,0.0,0.06
1538,1,0.0,0.057
1539,1,0.0,0.057
1540,3,0.0,0.06
1541,4,0.0,0.067
1542,3,4.0,0.047
1543,2,4.0,0.049
1544,2,0.0,0.054
1545,2,0.0,0.051
1546,2,0.0,0.055
1547,7,11.0,0.057
1548,2,0.0,0.06
1549,2,0.0,0.05
1550,2,0.0,0.057
1551,2,0.0,0.052
1552,2,0.0,0.059
1553,2,0.0,0.058
1554,9,20.0,0.061
1555,2,0.0,0.054
1556,2,0.0,0.047
1557,2,0.0,0.046
1558,2,0.0,0.051
1559,2,0.0,0.058
1560,2,1.0,0.048
1561,2,1.0,0.057
1562,3,3.0,0.058
1563,3,0.0,0.053
1564,2,0.0,0.049
1565,2,1.0,0.047
1566,3,2.0,0.056
1567,1,0.0,0.053
1568,1,0.0,0.053
1569,2,0.0,0.049
1570,2,2.0,0.048
1571,2,0.0,0.056
1572,2,0.0,0.054
1573,3,5.0,0.062
1574,3,4.0,0.058
1575,3,8.0,0.053
1576,2,11.0,0.052
1577,2,1.0,0.055
1578,2,0.0,0.047
1579,3,13.0,0.062
1580,2,12.0,0.062
1581,2,2.0,0.055
1582,2,2.0,0.052
1583,3,0.0,0.051
1584,7,6.0,0.051
1585,2,0.0,0.051
1586,3,2.0,0.049
1587,2,0.0,0.049
1588,2,0.0,0.052
1589,4,0.0,0.051
1590,2,0.0,0.048
1591,2,0.0,0.057
1592,2,0.0,0.054
1593,2,0.0,0.055
1594,2,0.0,0.057
1595,1,0.0,0.054
1596,2,0.0,0.052
1597,1,0.0,0.047
1598,3,4.0,0.05
1599,3,1.0,0.049
1600,4,0.0,0.057
1601,3,7.0,0.054
1602,3,0.0,0.052
1603,2,1.0,0.046
1604,3,0.0,0.049
1605,4,12.0,0.052
1606,1,0.0,0.043
1607,2,0.0,0.047
1608,2,0.0,0.045
1609,4,5.166666666666666,0.057
1610,1,0.0,0.056
1611,2,6.0,0.051
1612,3,0.0,0.044
1613,2,1.0,0.044
1614,3,0.0,0.053
1615,2,2.0,0.058
1616,2,0.0,0.045
1617,2,0.0,0.051
1618,2,2.0,0.051
1619,2,1.0,0.053
1620,3,1.0,0.053
1621,2,2.0,0.057
1622,5,82.0,0.06
1623,5,54.0,0.057
1624,2,0.0,0.056
1625,2,2.0,0.056
1626,2,0.5,0.049
1627,2,2.0,0.046
1628,2,0.0,0.053
1629,2,0.0,0.057
1630,2,6.0,0.059
1631,2,0.0,0.058
1632,2,0.0,0.057
1633,3,0.0,0.05
1634,2,0.0,0.053
1635,2,0.0,0.054
1636,2,0.0,0.05
1637,1,0.0,0.045
1638,2,2.0,0.054
1639,2,0.0,0.05
1640,2,0.0,0.05
1641,1,0.0,0.056
1642,2,0.0,0.053
1643,2,0.0,0.052
1644,4,5.0,0.046
1645,2,0.0,0.045
1646,2,14.0,0.064
1647,2,4.0,0.056
1648,2,2.0,0.051
1649,4,2.5,0.053
1650,2,0.0,0.056
1651,2,0.0,0.052
1652,2,0.0,0.05
1653,5,16.0,0.058
1654,3,2.0,0.051
1655,1,0.0,0.047
1656,1,0.0,0.047
1657,1,0.0,0.059
1658,2,0.0,0.056
1659,2,2.0,0.055
1660,2,0.0,0.056
1661,3,0.0,0.052
1662,4,20.0,0.054
1663,2,0.0,0.05
1664,2,2.0,0.048
1665,2,0.0,0.051
1666,2,1.0,0.06
1667,2,0.0,0.057
1668,2,0.0,0.054
1669,2,0.0,0.054
1670,3,15.0,0.058
1671,2,0.0,0.049
1672,1,0.0,0.052
1673,2,0.0,0.047
1674,2,3.0,0.049
1675,1,0.0,0.046
1676,2,0.0,0.055
1677,3,0.0,0.058
1678,2,0.0,0.054
1679,2,0.0,0.053
1680,2,0.0,0.05
1681,2,0.0,0.051
1682,2,0.0,0.049
1683,1,0.0,0.051
1684,2,0.0,0.059
1685,6,32.0,0.056
1686,2,0.0,0.047
1687,5,6.0,0.049
1688,1,0.0,0.047
1689,5,23.0,0.056
1690,3,0.0,0.057
1691,3,1.0,0.054
1692,2,24.0,0.057
1693,2,0.0,0.053
1694,2,2.0,0.052
1695,2,4.0,0.05
1696,2,1.0,0.059
1697,1,0.0,0.053
1698,2,0.0,0.055
1699,3,27.0,0.055
1700,2,0.0,0.051
1701,2,0.0,0.057
1702,3,2.5,0.047
1703,3,3.0,0.051
1704,2,0.0,0.047
1705,2,1.0,0.057
1706,2,1.0,0.048
1707,2,0.0,0.056
1708,2,6.0,0.054
1709,4,9.0,0.058
1710,2,1.0,0.047
1711,2,0.0,0.05
1712,2,1.0,0.046
1713,3,5.0,0.055
1714,2,24.0,0.053
1715,2,0.0,0.048
1716,3,1.5,0.05
1717,2,2.0,0.048
1718,1,0.0,0.054
1719,2,2.0,0.054
1720,1,0.0,0.058
1721,3,3.0,0.054
1722,2,0.0,0.051
1723,2,1.0,0.054
1724,2,2.0,0.05
1725,4,20.333333333333332,0.054
1726,3,10.0,0.054
1727,2,4.0,0.056
1728,2,0.0,0.053
1729,2,4.0,0.055
1730,2,1.0,0.056
1731,2,0.0,0.055
1732,3,0.0,0.052
1733,2,2.0,0.054
1734,4,8.0,0.047
1735,2,0.0,0.044
1736,2,0.0,0.062
1737,1,0.0,0.045
1738,3,0.0,0.047
1739,2,25.0,0.05
1740,2,0.0,0.058
1741,3,0.0,0.049
1742,3,6.0,0.054
1743,2,0.0,0.052
1744,2,2.0,0.054
1745,2,0.0,0.049
1746,1,0.0,0.056
1747,4,0.0,0.051
1748,2,0.0,0.053
1749,3,3.5,0.059
1750,1,0.0,0.053
1751,1,0.0,0.044
1752,3,2.0,0.053
1753,2,1.0,0.048
1754,3,2.0,0.052
1755,3,7.0,0.052
1756,2,4.0,0.049
1757,3,0.0,0.048
1758,2,4.0,0.046
1759,2,2.0,0.047
1760,4,12.0,0.054
1761,2,7.0,0.055
1762,2,0.0,0.05
1763,2,4.0,0.059
1764,1,0.0,0.05
1765,2,1.0,0.048
1766,2,1.0,0.053
1767,2,0.0,0.056
1768,1,0.0,0.052
1769,2,0.0,0.051
1770,2,0.0,0.059
1771,2,5.0,0.053
1772,2,0.0,0.051
1773,2,0.0,0.046
1774,2,0.0,0.05
1775,2,0.0,0.052
1776,6,47.5,0.058
1777,2,4.0,0.06
1778,2,0.0,0.053
1779,2,1.0,0.05
1780,2,2.0,0.048
1781,2,0.0,0.046
1782,4,6.0,0.047
1783,2,2.0,0.047
1784,1,0.0,0.06
1785,2,24.0,0.049
1786,5,20.0,0.06
1787,2,1.0,0.05
1788,2,1.0,0.055
1789,2,1.0,0.052
1790,2,0.0,0.054
1791,1,0.0,0.045
1792,1,0.0,0.045
1793,4,2.0,0.047
1794,3,3.0,0.058
1795,5,11.0,0.052
1796,2,0.0,0.055
1797,2,0.0,0.055
1798,2,0.0,0.047
1799,2,0.0,0.056
1800,3,5.0,0.052
1801,2,2.0,0.054
1802,2,6.0,0.049
1803,2,0.0,0.052
1804,2,0.0,0.05
1805,2,0.0,0.061
1806,1,0.0,0.044
1807,4,8.0,0.053
1808,2,2.0,0.054
1809,2,0.0,0.056
1810,2,0.0,0.065
1811,2,0.0,0.061
1812,2,6.0,0.07
1813,2,1.0,0.047
1814,2,12.0,0.056
1815,2,0.0,0.053
1816,3,0.0,0.054
1817,3,32.0,0.053
1818,2,0.0,0.065
1819,2,0.0,0.061
1820,3,1.0,0.05
1821,2,12.0,0.063
1822,2,0.0,0.059
1823,2,1.0,0.05
1824,2,1.0,0.052
1825,2,0.0,0.053
1826,2,0.0,0.055
1827,3,3.0,0.06
1828,2,2.0,0.052
1829,2,1.0,0.053
1830,2,0.0,0.045
1831,3,15.0,0.06
1832,2,2.0,0.054
1833,2,0.0,0.049
1834,2,0.0,0.047
1835,1,0.0,0.053
1836,1,0.0,0.048
1837,2,1.0,0.047
1838,3,6.0,0.056
1839,3,4.0,0.058
1840,2,0.0,0.054
1841,2,0.0,0.051
1842,4,5.0,0.049
1843,2,3.0,0.052
1844,3,2.0,0.056
1845,1,0.0,0.059
1846,2,2.0,0.048
1847,3,0.0,0.046
1848,2,0.0,0.048
1849,2,0.0,0.056
1850,3,3.0,0.054
1851,1,0.0,0.066
1852,2,0.0,0.054
1853,2,0.0,0.06
1854,2,0.5,0.046
1855,3,0.0,0.049
1856,2,0.0,0.049
1857,2,0.0,0.053
1858,2,1.0,0.051
1859,2,15.0,0.061
1860,1,0.0,0.054
1861,2,1.0,0.057
1862,2,2.0,0.052
1863,2,10.0,0.052
1864,2,0.0,0.06
1865,2,0.0,0.049
1866,1,0.0,0.054
1867,2,0.0,0.051
1868,2,0.0,0.055
1869,3,32.0,0.055
1870,2,0.0,0.055
1871,3,0.0,0.05
1872,2,1.0,0.052
1873,2,2.0,0.052
1874,2,0.0,0.056
1875,1,0.0,0.049
1876,2,2.0,0.051
1877,2,0.0,0.064
1878,2,0.0,0.053
1879,2,3.0,0.052
1880,1,0.0,0.056
1881,2,0.0,0.059
1882,2,0.0,0.051
1883,3,3.0,0.051
1884,1,0.0,0.053
1885,3,3.5,0.059
1886,1,0.0,0.055
1887,2,0.0,0.053
1888,1,0.0,0.052
1889,2,0.0,0.048
1890,2,0.0,0.058
1891,2,0.0,0.054
1892,2,0.0,0.053
1893,3,2.0,0.061
1894,2,0.0,0.045
1895,3,0.0,0.047
1896,2,0.0,0.048
1897,5,5.0,0.049
1898,2,0.0,0.051
1899,3,8.0,0.051
1900,2,2.0,0.048
1901,2,0.0,0.05
1902,2,0.0,0.054
1903,2,2.0,0.055
1904,2,0.0,0.048
1905,2,0.0,0.059
1906,2,1.0,0.052
1907,2,0.0,0.056
1908,2,5.0,0.048
1909,2,0.0,0.046
1910,2,21.0,0.051
1911,1,0.0,0.048
1912,2,0.0,0.058
1913,2,0.0,0.055
1914,2,0.0,0.055
1915,2,0.0,0.053
1916,1,0.0,0.053
1917,3,2.0,0.057
1918,2,0.0,0.051
1919,2,0.0,0.052
1920,2,0.0,0.059
1921,3,0.0,0.053
1922,3,2.0,0.055
1923,2,0.0,0.059
1924,2,0.0,0.062
1925,1,0.0,0.05
1926,2,6.0,0.05
1927,2,0.0,0.049
1928,4,7.0,0.049
1929,3,2.0,0.052
1930,6,12.0,0.057
1931,1,0.0,0.054
1932,2,1.0,0.049
1933,5,12.0,0.054
1934,2,0.0,0.057
1935,2,0.0,0.052
1936,2,1.0,0.043
1937,1,0.0,0.041
1938,2,0.0,0.049
1939,1,0.0,0.046
1940,3,4.0,0.048
1941,1,0.0,0.05
1942,2,0.0,0.048
1943,2,0.0,0.055
1944,2,0.0,0.052
1945,5,20.333333333333332,0.057
1946,2,2.0,0.051
1947,1,0.0,0.046
1948,2,0.0,0.06
1949,2,0.0,0.057
1950,4,0.0,0.052
1951,4,2.0,0.049
1952,2,0.0,0.051
1953,7,184.0,0.052
1954,4,0.0,0.053
1955,2,0.0,0.057
1956,2,0.0,0.053
1957,1,0.0,0.058
1958,2,6.0,0.052
1959,2,0.0,0.059
1960,2,0.0,0.049
1961,3,2.0,0.05
1962,4,20.5,0.055
1963,2,0.0,0.055
1964,3,0.0,0.052
1965,3,0.0,0.056
1966,1,0.0,0.053
1967,1,0.0,0.047
1968,2,0.0,0.047
1969,3,2.0,0.049
1970,2,0.0,0.047
1971,2,1.0,0.048
1972,2,8.0,0.052
1973,2,0.0,0.052
1974,1,0.0,0.055
1975,2,0.0,0.055
1976,2,0.0,0.05
1977,3,4.0,0.051
1978,3,16.0,0.053
1979,2,0.0,0.056
1980,2,0.0,0.051
1981,1,0.0,0.05
1982,2,1.0,0.052
1983,2,0.0,0.047
1984,1,0.0,0.054
1985,3,2.0,0.049
1986,2,0.0,0.05
1987,2,0.0,0.061
1988,1,0.0,0.054
1989,1,0.0,0.054
1990,2,2.0,0.052
1991,1,0.0,0.046
1992,2,0.0,0.06
1993,4,6.0,0.055
1994,3,0.0,0.058
1995,3,0.0,0.058
1996,2,2.0,0.052
1997,2,0.0,0.052
1998,1,0.0,0.043
1999,6,19.0,0.058
2000,3,0.0,0.049
2001,3,7.0,0.052
2002,2,0.0,0.047
2003,3,0.0,0.047
2004,2,2.0,0.053
2005,1,0.0,0.052
2006,1,0.0,0.049
2007,2,0.0,0.051
2008,1,0.0,0.048
2009,1,0.0,0.05
2010,3,0.0,0.055
2011,2,0.0,0.045
2012,3,0.0,0.049
2013,1,0.0,0.047
2014,2,9.0,0.054
2015,2,0.0,0.06
2016,2,0.0,0.058
2017,3,4.0,0.059
2018,1,0.0,0.055
2019,4,9.0,0.06
2020,5,59.0,0.063
2021,2,0.0,0.055
2022,1,0.0,0.06
2023,2,0.0,0.051
2024,1,0.0,0.045
2025,3,0.0,0.047
2026,2,0.0,0.055
2027,2,0.0,0.05
2028,2,1.0,0.066
2029,2,0.0,0.052
2030,2,0.0,0.057
2031,4,6.0,0.056
2032,3,2.0,0.053
2033,2,0.0,0.051
2034,2,0.0,0.053
2035,2,0.0,0.047
2036,1,0.0,0.045
2037,2,0.0,0.054
2038,4,8.0,0.054
2039,3,5.0,0.054
2040,2,0.0,0.052
2041,2,0.0,0.056
2042,2,0.0,0.05
2043,2,0.0,0.05
2044,2,2.0,0.051
2045,1,0.0,0.049
2046,3,1.0,0.06
2047,3,0.0,0.06
2048,1,0.0,0.051
2049,2,0.0,0.049
2050,2,0.0,0.053
2051,2,0.0,0.049
2052,2,0.0,0.051
2053,2,2.0,0.058
2054,3,0.0,0.054
2055,2,0.0,0.047
2056,2,48.0,0.05
2057,2,0.0,0.066
2058,1,0.0,0.05
2059,1,0.0,0.062
2060,3,0.0,0.07
2061,2,1.0,0.047
2062,2,0.0,0.051
2063,2,1.0,0.06
2064,2,1.0,0.06
2065,2,1.0,0.057
2066,3,0.0,0.047
2067,3,0.0,0.052
2068,1,0.0,0.051
2069,2,0.0,0.056
2070,2,2.0,0.047
2071,3,4.0,0.047
2072,2,2.0,0.049
2073,3,3.0,0.047
2074,2,4.0,0.049
2075,2,0.0,0.052
2076,2,0.0,0.053
2077,2,8.0,0.047
2078,2,0.0,0.052
2079,2,2.0,0.047
2080,3,0.0,0.052
2081,2,0.0,0.049
2082,3,0.0,0.047
2083,3,3.0,0.045
2084,3,28.0,0.047
2085,3,4.0,0.047
2086,2,0.0,0.054
2087,2,0.0,0.049
2088,2,0.0,0.051
2089,3,5.666666666666666,0.055
2090,2,0.0,0.047
2091,2,1.0,0.047
2092,2,0.0,0.053
2093,1,0.0,0.054
2094,2,2.0,0.045
2095,2,0.0,0.049
2096,4,4.0,0.049
2097,4,0.0,0.061
2098,4,0.0,0.061
2099,3,0.0,0.056
2100,1,0.0,0.055
2101,4,6.0,0.047
2102,3,0.0,0.053
2103,2,0.0,0.053
2104,2,1.0,0.055
2105,2,1.0,0.049
2106,3,18.0,0.052
2107,4,0.0,0.047
2108,2,0.0,0.049
2109,2,0.0,0.055
2110,2,1.0,0.052
2111,2,1.0,0.048
2112,2,4.0,0.044
2113,3,0.0,0.055
2114,3,8.666666666666666,0.054
2115,2,0.0,0.056
2116,1,0.0,0.052
2117,2,0.0,0.05
2118,3,10.333333333333334,0.058
2119,4,0.0,0.058
2120,3,0.0,0.051
2121,2,2.0,0.048
2122,2,0.0,0.047
2123,2,2.0,0.049
2124,2,0.0,0.057
2125,2,0.0,0.057
2126,2,0.0,0.05
2127,2,0.0,0.051
2128,3,13.0,0.055
2129,3,0.0,0.055
2130,3,2.0,0.05
2131,2,2.0,0.05
2132,1,0.0,0.048
2133,3,9.0,0.049
2134,2,0.0,0.047
2135,2,0.0,0.049
2136,2,2.0,0.05
2137,4,3.0,0.05
2138,3,0.0,0.056
2139,4,0.0,0.056
2140,3,0.0,0.05
2141,2,0.0,0.052
2142,2,0.0,0.058
2143,2,0.0,0.05
2144,2,0.0,0.049
2145,4,0.0,0.051
2146,3,5.0,0.051
2147,1,0.0,0.048
2148,2,0.0,0.054
2149,2,0.0,0.051
2150,3,0.0,0.051
2151,5,0.0,0.055
2152,1,0.0,0.049
2153,2,0.0,0.052
2154,2,0.0,0.05
2155,2,0.0,0.056
2156,3,0.0,0.053
2157,5,0.0,0.056
2158,3,0.0,0.058
2159,4,6.0,0.049
2160,2,0.0,0.049
2161,2,0.0,0.047
2162,3,0.0,0.052
2163,3,0.0,0.051
2164,2,0.0,0.042
2165,1,0.0,0.044
2166,1,0.0,0.044
2167,2,0.0,0.047
2168,1,0.0,0.044
2169,1,0.0,0.046
2170,1,0.0,0.046
2171,1,0.0,0.043
2172,1,0.0,0.043
2173,2,0.0,0.053
2174,1,0.0,0.051
2175,3,0.0,0.053
2176,2,0.0,0.051
2177,2,6.0,0.047
2178,2,4.0,0.046
2179,2,0.0,0.051
2180,3,7.0,0.051
2181,1,0.0,0.048
2182,2,1.0,0.058
2183,2,0.0,0.048
2184,2,0.0,0.051
2185,2,15.0,0.056
2186,2,0.0,0.05
2187,2,0.0,0.05
2188,2,0.0,0.053
2189,2,0.0,0.049
2190,3,0.0,0.046
2191,3,5.0,0.045
2192,4,0.0,0.045
2193,2,0.0,0.06
2194,2,0.0,0.057
2195,2,0.0,0.051
2196,2,0.0,0.056
2197,1,0.0,0.055
2198,1,0.0,0.053
2199,2,0.0,0.057
2200,2,2.0,0.054
2201,2,2.0,0.052
2202,2,14.0,0.065
2203,2,0.0,0.05
2204,2,0.0,0.061
2205,2,0.0,0.058
2206,1,0.0,0.062
2207,2,5.0,0.065
2208,2,0.0,0.055
2209,2,0.0,0.056
2210,2,5.0,0.061
2211,2,5.0,0.061
2212,4,27.0,0.065
2213,3,0.0,0.068
2214,2,0.0,0.058
2215,2,0.0,0.062
2216,2,0.0,0.061
2217,2,0.0,0.056
2218,2,0.0,0.062
2219,4,0.0,0.056
2220,1,0.0,0.064
2221,9,0.0,0.069
2222,6,9.5,0.069
2223,6,73.5,0.074
2224,3,2.0,0.065
2225,2,0.0,0.059
2226,1,0.0,0.049
2227,2,0.0,0.057
2228,2,8.0,0.051
2229,3,0.0,0.069
2230,2,3.0,0.058
2231,4,16.0,0.07
2232,2,0.0,0.065
2233,3,0.0,0.055
2234,2,14.0,0.054
2235,8,72.0,0.074
2236,1,0.0,0.059
2237,1,0.0,0.059
2238,5,16.0,0.062
2239,2,0.0,0.057
2240,2,0.0,0.055
2241,3,0.0,0.056
2242,4,22.0,0.059
2243,2,0.0,0.052
2244,3,7.0,0.056
2245,2,0.0,0.053
2246,3,0.0,0.06
2247,2,0.0,0.05
2248,4,0.0,0.059
2249,9,39.0,0.062
2250,1,0.0,0.055
2251,1,0.0,0.059
2252,1,0.0,0.059
2253,2,8.0,0.059
2254,2,0.0,0.059
2255,2,0.0,0.06
2256,2,2.0,0.048
2257,2,0.0,0.063
2258,1,0.0,0.066
2259,1,0.0,0.066
2260,1,0.0,0.066
2261,1,0.0,0.064
2262,6,18.5,0.07
2263,3,4.0,0.062
2264,2,0.0,0.063
2265,2,0.0,0.059
2266,2,0.0,0.052
2267,5,0.0,0.059
2268,4,6.0,0.062
2269,1,0.0,0.055
2270,1,0.0,0.055
2271,1,0.0,0.059
2272,2,1.0,0.052
2273,1,0.0,0.053
2274,3,0.0,0.059
2275,2,0.0,0.056
2276,3,0.0,0.058
2277,1,0.0,0.055
2278,2,0.0,0.058
2279,2,0.0,0.053
2280,1,0.0,0.062
2281,3,15.0,0.063
2282,11,63.0,0.067
2283,4,5.0,0.071
2284,3,0.0,0.067
2285,4,6.0,0.06
2286,2,0.0,0.06
2287,2,0.0,0.055
2288,2,3.0,0.059
2289,2,0.0,0.062
2290,4,4.0,0.062
2291,2,3.0,0.059
2292,2,0.0,0.058
2293,2,0.0,0.053
2294,2,0.0,0.062
2295,2,0.0,0.065
2296,1,0.0,0.067
2297,1,0.0,0.067
2298,6,32.0,0.072
2299,2,0.0,0.056
2300,2,0.0,0.056
2301,1,0.0,0.059
2302,2,5.0,0.063
2303,3,3.0,0.048
2304,3,7.0,0.064
2305,2,1.0,0.055
2306,2,0.0,0.059
2307,2,6.0,0.061
2308,3,2.0,0.06
2309,3,7.0,0.069
2310,2,0.0,0.056
2311,2,5.0,0.058
2312,4,22.5,0.071
2313,1,0.0,0.054
2314,3,7.0,0.062
2315,2,0.0,0.055
2316,2,4.0,0.063
2317,3,8.0,0.067
2318,2,0.0,0.06
2319,2,0.0,0.061
2320,2,6.0,0.061
2321,9,40.0,0.066
2322,1,0.0,0.061
2323,1,0.0,0.061
2324,1,0.0,0.061
2325,4,5.0,0.052
2326,1,0.0,0.06
2327,7,14.0,0.064
2328,4,10.0,0.069
2329,3,0.0,0.064
2330,2,4.0,0.061
2331,2,0.0,0.06
2332,6,24.0,0.06
2333,2,0.0,0.059
2334,2,0.0,0.054
2335,3,3.0,0.054
2336,4,13.0,0.059
2337,2,0.0,0.062
2338,1,0.0,0.056
2339,2,0.0,0.06
2340,2,0.0,0.06
2341,2,0.0,0.062
2342,2,0.0,0.06
2343,2,14.0,0.071
2344,2,0.0,0.071
2345,2,1.0,0.056
2346,3,0.0,0.06
2347,2,0.0,0.065
2348,2,0.0,0.05
2349,3,3.0,0.058
2350,2,0.0,0.061
2351,2,3.0,0.065
2352,2,1.5,0.06
2353,2,0.0,0.062
2354,3,3.0,0.06
2355,4,12.0,0.058
2356,2,0.0,0.061
2357,4,0.0,0.065
2358,2,2.0,0.052
2359,2,0.0,0.058
2360,2,18.0,0.057
2361,2,0.0,0.053
2362,2,20.0,0.06
2363,5,28.0,0.064
2364,4,0.0,0.068
2365,2,16.0,0.062
2366,2,0.0,0.058
2367,2,0.0,0.056
2368,5,12.0,0.066
2369,3,0.0,0.07
2370,3,0.0,0.064
2371,3,0.0,0.055
2372,4,0.0,0.063
2373,3,19.0,0.056
2374,3,12.0,0.059
2375,2,0.0,0.063
2376,3,1.0,0.064
2377,2,0.0,0.062
2378,3,11.0,0.056
2379,2,0.0,0.056
2380,2,1.5,0.06
2381,3,12.0,0.062
2382,13,63.0,0.066
2383,5,0.0,0.071
2384,2,5.0,0.062
2385,2,5.0,0.062
2386,3,6.0,0.053
2387,4,10.0,0.058
2388,7,0.0,0.064
2389,3,0.0,0.062
2390,2,1.0,0.059
2391,1,0.0,0.058
2392,5,9.0,0.064
2393,4,14.0,0.066
2394,3,0.0,0.062
2395,2,0.0,0.062
2396,3,4.0,0.06
2397,5,20.0,0.059
2398,2,0.0,0.062
2399,1,0.0,0.055
2400,1,0.0,0.055
2401,1,0.0,0.057
2402,2,0.0,0.064
2403,2,0.0,0.064
2404,2,0.0,0.059
2405,5,0.0,0.065
2406,2,0.0,0.054
2407,4,0.0,0.059
2408,2,0.0,0.05
2409,7,22.0,0.056
2410,1,0.0,0.053
2411,2,0.0,0.06
2412,2,0.0,0.059
2413,2,13.5,0.051
2414,5,38.0,0.053
2415,2,2.0,0.057
2416,2,0.0,0.059
2417,2,0.0,0.06
2418,3,0.0,0.065
2419,2,0.0,0.062
2420,2,0.0,0.06
2421,2,1.0,0.05
2422,1,0.0,0.048
2423,2,0.0,0.047
2424,1,0.0,0.062
2425,3,14.0,0.066
2426,3,31.5,0.068
2427,2,0.0,0.051
2428,3,0.0,0.063
2429,2,0.0,0.065
2430,1,0.0,0.057
2431,2,0.0,0.053
2432,2,2.0,0.056
2433,2,0.0,0.059
2434,12,0.0,0.063
2435,3,0.0,0.056
2436,3,13.0,0.064
2437,1,0.0,0.058
2438,1,0.0,0.058
2439,12,170.0,0.062
2440,3,0.0,0.063
2441,1,0.0,0.056
2442,1,0.0,0.056
2443,5,20.0,0.059
2444,5,0.0,0.062
2445,3,0.0,0.066
2446,3,0.0,0.063
2447,5,96.0,0.061
2448,2,0.0,0.059
2449,3,63.0,0.058
2450,5,0.0,0.057
2451,1,0.0,0.054
2452,3,0.0,0.065
2453,1,0.0,0.059
2454,4,25.0,0.063
2455,4,0.0,0.059
2456,3,0.0,0.067
2457,6,106.5,0.065
2458,9,157.0,0.069
2459,6,38.0,0.07
2460,1,0.0,0.059
2461,3,14.0,0.063
2462,1,0.0,0.061
2463,3,4.0,0.065
2464,4,0.0,0.072
2465,5,0.0,0.057
2466,1,0.0,0.057
2467,1,0.0,0.057
2468,3,0.0,0.065
2469,3,0.0,0.059
2470,1,0.0,0.056
2471,3,1.5,0.059
2472,3,0.0,0.057
2473,3,0.0,0.06
2474,7,0.0,0.068
2475,5,12.0,0.072
2476,3,2.0,0.063
2477,3,2.0,0.063
2478,2,0.0,0.054
2479,3,0.0,0.06
2480,3,2.0,0.063
2481,1,0.0,0.056
2482,1,0.0,0.06
2483,3,2.0,0.064
2484,4,0.0,0.058
2485,8,33.0,0.067
2486,4,53.0,0.075
2487,3,12.0,0.067
2488,5,0.0,0.061
2489,7,34.0,0.065
2490,6,14.0,0.057
2491,1,0.0,0.051
2492,3,0.0,0.057
2493,8,11.0,0.06
2494,3,0.0,0.062
2495,4,6.0,0.054
2496,3,3.5,0.063
2497,4,0.0,0.057
2498,4,11.0,0.054
2499,3,0.0,0.066
2500,6,0.0,0.053
2501,3,0.0,0.063
2502,7,24.0,0.067
2503,3,30.0,0.071
2504,3,0.0,0.066
2505,5,34.0,0.061
2506,3,0.0,0.053
2507,1,0.0,0.061
2508,3,5.0,0.065
2509,4,0.0,0.057
2510,1,0.0,0.054
2511,1,0.0,0.054
2512,1,0.0,0.048
2513,3,3.0,0.056
2514,2,0.0,0.057
2515,5,20.0,0.058
2516,3,0.0,0.065
2517,1,0.0,0.061
2518,1,0.0,0.061
2519,7,17.0,0.07
2520,3,0.0,0.06
2521,5,39.0,0.063
2522,8,59.0,0.065
2523,1,0.0,0.068
2524,3,8.0,0.064
2525,2,0.0,0.067
2526,1,0.0,0.048
2527,6,10.0,0.069
2528,6,100.0,0.079
2529,5,120.0,0.063
2530,8,17.0,0.056
2531,4,10.0,0.053
2532,2,0.0,0.078
2533,10,29.5,0.064
2534,6,14.0,0.061
2535,1,0.0,0.053
2536,3,9.0,0.056
2537,3,0.0,0.064
2538,9,117.16666666666666,0.07
2539,3,50.0,0.074
2540,1,0.0,0.052
2541,2,0.0,0.058
2542,13,40.5,0.068
2543,6,10.0,0.078
2544,7,20.833333333333332,0.066
2545,9,121.5,0.063
2546,1,0.0,0.064
2547,1,0.0,0.064
2548,9,44.5,0.068
2549,5,44.0,0.073
2550,7,46.0,0.068
2551,5,60.333333333333336,0.069
2552,3,4.0,0.065
2553,19,0.0,0.059
2554,10,414.66666666666663,0.067
2555,1,0.0,0.056
2556,3,0.0,0.064
2557,3,2.0,0.079
2558,4,0.0,0.075
2559,7,27.0,0.064
2560,3,12.0,0.066
2561,9,81.5,0.065
2562,7,36.0,0.061
2563,4,0.0,0.062
2564,3,9.0,0.057
2565,4,0.0,0.061
2566,1,0.0,0.062
2567,3,10.0,0.067
2568,1,0.0,0.059
2569,3,0.0,0.067
2570,1,0.0,0.059
2571,1,0.0,0.059
2572,3,0.0,0.067
2573,1,0.0,0.059
2574,8,0.0,0.062
2575,13,225.0,0.067
2576,6,6.0,0.058
2577,5,0.0,0.057
2578,3,13.0,0.063
2579,4,2.0,0.053
2580,1,0.0,0.05
2581,1,0.0,0.062
2582,1,0.0,0.058
2583,3,0.0,0.061
2584,3,0.0,0.066
2585,13,0.0,0.064
2586,10,132.0,0.067
2587,1,0.0,0.056
2588,5,0.0,0.06
2589,1,0.0,0.048
2590,3,4.0,0.059
2591,3,0.0,0.068
2592,2,0.0,0.063
2593,7,91.0,0.071
2594,3,420.0,0.081
2595,9,33.5,0.06
2596,8,103.66666666666666,0.063
2597,3,24.0,0.062
2598,1,0.0,0.062
2599,3,0.0,0.066
2600,2,2.0,0.064
2601,5,96.0,0.063
2602,1,0.0,0.065
2603,3,0.0,0.066
2604,8,151.0,0.071
2605,4,429.0,0.08
2606,7,579.0,0.08
2607,8,523.0,0.075
2608,10,293.0,0.071
2609,3,18.0,0.066
2610,1,0.0,0.05
2611,6,116.0,0.073
2612,4,0.0,0.078
2613,1,0.0,0.061
2614,3,6.0,0.065
2615,1,0.0,0.053
2616,4,5.0,0.056
2617,12,129.5,0.069
2618,3,38.0,0.077
2619,3,1.5,0.059
2620,3,4.0,0.062
2621,4,5.5,0.066
2622,4,6.0,0.056
2623,3,64.0,0.067
2624,3,31.0,0.066
2625,1,0.0,0.057
2626,1,0.0,0.057
2627,6,0.0,0.061
2628,2,0.0,0.056
2629,4,14.0,0.056
2630,1,0.0,0.054
2631,3,6.0,0.062
2632,2,7.0,0.063
2633,2,3.0,0.06
2634,1,0.0,0.059
2635,1,0.0,0.053
2636,2,3.0,0.056
2637,2,0.0,0.065
2638,3,0.0,0.056
2639,2,0.0,0.058
2640,3,2.0,0.053
2641,3,8.0,0.059
2642,1,0.0,0.063
2643,4,8.0,0.059
2644,4,11.0,0.056
2645,6,28.0,0.059
2646,3,6.0,0.054
2647,8,22.5,0.056
2648,5,23.5,0.056
2649,4,18.0,0.053
2650,2,0.0,0.064
2651,2,31.0,0.066
2652,2,0.0,0.056
2653,2,0.0,0.065
2654,3,22.0,0.07
2655,6,42.5,0.064
2656,3,2.0,0.06
2657,5,0.0,0.059
2658,2,4.0,0.054
2659,2,3.0,0.057
2660,2,0.0,0.047
2661,1,0.0,0.056
2662,12,19.0,0.066
2663,1,0.0,0.059
2664,1,0.0,0.064
2665,1,0.0,0.064
2666,2,1.0,0.062
2667,1,0.0,0.051
2668,3,0.0,0.062
2669,1,0.0,0.056
2670,5,8.0,0.058
2671,6,0.0,0.058
2672,3,12.0,0.06
2673,1,0.0,0.057
2674,5,13.0,0.06
2675,1,0.0,0.054
2676,1,0.0,0.061
2677,3,0.0,0.065
2678,2,0.0,0.052
2679,1,0.0,0.064
2680,3,6.0,0.068
2681,1,0.0,0.058
2682,1,0.0,0.058
2683,1,0.0,0.058
2684,2,0.0,0.062
2685,3,14.0,0.062
2686,3,18.0,0.058
2687,7,76.0,0.056
2688,1,0.0,0.052
2689,1,0.0,0.052
2690,1,0.0,0.055
2691,4,9.0,0.058
2692,6,3.0,0.059
2693,5,2.0,0.059
2694,5,4.0,0.061
2695,1,0.0,0.059
2696,2,0.0,0.061
2697,7,20.0,0.059
2698,2,1.0,0.059
2699,1,0.0,0.056
2700,2,0.0,0.059
2701,2,0.0,0.06
2702,3,3.0,0.059
2703,5,34.0,0.065
2704,3,56.0,0.067
2705,1,0.0,0.062
2706,2,0.0,0.055
2707,1,0.0,0.058
2708,1,0.0,0.062
2709,3,0.0,0.063
2710,4,4.0,0.06
2711,4,0.0,0.058
2712,1,0.0,0.068
2713,1,0.0,0.068
2714,2,0.0,0.052
2715,4,0.0,0.055
2716,3,0.0,0.054
2717,10,37.0,0.06
2718,1,0.0,0.061
2719,2,0.0,0.057
2720,2,0.0,0.06
2721,2,16.0,0.056
2722,5,3.0,0.062
2723,3,45.0,0.056
2724,7,0.0,0.053
2725,3,1.5,0.05
2726,3,1.5,0.05
2727,3,0.0,0.052
2728,5,6.0,0.064
2729,3,4.0,0.051
2730,3,3.0,0.054
2731,1,0.0,0.049
2732,1,0.0,0.051
2733,3,30.0,0.07
2734,1,0.0,0.052
2735,1,0.0,0.049
2736,5,14.0,0.058
2737,4,18.0,0.055
2738,3,0.0,0.054
2739,2,0.0,0.059
2740,8,64.0,0.061
2741,3,4.0,0.063
2742,1,0.0,0.059
2743,3,5.0,0.071
2744,1,0.0,0.066
2745,2,0.0,0.061
2746,1,0.0,0.047
2747,1,0.0,0.047
2748,1,0.0,0.047
2749,1,0.0,0.045
2750,1,0.0,0.047
2751,1,0.0,0.047
2752,1,0.0,0.047
2753,1,0.0,0.049
2754,1,0.0,0.047
2755,1,0.0,0.05
2756,2,0.0,0.05
2757,2,0.0,0.058
2758,2,0.0,0.053
2759,2,0.0,0.054
2760,8,46.5,0.06
2761,1,0.0,0.051
2762,1,0.0,0.051
2763,1,0.0,0.051
2764,3,5.5,0.063
2765,4,3.0,0.064
2766,4,7.0,0.061
2767,2,1.0,0.054
2768,1,0.0,0.051
2769,3,4.0,0.055
2770,1,0.0,0.052
2771,3,0.0,0.055
2772,1,0.0,0.052
2773,1,0.0,0.049
2774,2,0.0,0.052
2775,1,0.0,0.05
2776,1,0.0,0.05
2777,1,0.0,0.051
2778,2,16.0,0.055
2779,5,21.0,0.053
2780,5,10.0,0.058
2781,7,27.0,0.055
2782,1,0.0,0.062
2783,4,4.0,0.058
2784,2,0.0,0.054
2785,3,0.0,0.058
2786,1,0.0,0.058
2787,5,36.0,0.061
2788,1,0.0,0.059
2789,2,0.0,0.065
2790,2,0.0,0.066
2791,3,10.666666666666666,0.062
2792,4,19.666666666666664,0.058
2793,3,2.5,0.061
2794,3,30.0,0.07
2795,4,0.0,0.057
2796,5,4.0,0.055
2797,3,0.0,0.06
2798,8,6.5,0.06
2799,6,43.0,0.068
2800,10,56.5,0.064
2801,4,0.0,0.056
2802,1,0.0,0.051
2803,1,0.0,0.051
2804,3,5.0,0.073
2805,1,0.0,0.068
2806,4,5.0,0.061
2807,2,3.0,0.061
2808,1,0.0,0.05
2809,2,0.0,0.059
2810,7,55.33333333333333,0.057
2811,2,0.0,0.054
2812,1,0.0,0.059
2813,7,15.0,0.062
2814,5,19.5,0.058
2815,5,9.5,0.065
2816,1,0.0,0.05
2817,2,1.0,0.058
2818,1,0.0,0.054
2819,7,2.6666666666666665,0.066
2820,5,42.5,0.06
2821,3,3.0,0.06
2822,1,0.0,0.057
2823,3,3.0,0.06
2824,1,0.0,0.057
2825,6,25.5,0.06
2826,2,7.0,0.061
2827,2,1.0,0.052
2828,3,0.0,0.054
2829,1,0.0,0.064
2830,1,0.0,0.064
2831,1,0.0,0.064
2832,3,5.0,0.073
2833,1,0.0,0.068
2834,3,0.0,0.068
2835,3,0.0,0.068
2836,3,0.0,0.068
2837,7,14.666666666666668,0.062
2838,6,10.0,0.056
2839,6,15.0,0.053
2840,6,48.666666666666664,0.058
2841,3,7.0,0.06
2842,5,20.0,0.052
2843,5,24.666666666666664,0.062
2844,1,0.0,0.062
2845,2,0.0,0.056
2846,9,98.5,0.056
2847,2,30.5,0.064
2848,1,0.0,0.064
2849,2,13.333333333333332,0.063
2850,2,13.333333333333332,0.063
2851,10,51.666666666666664,0.061
2852,8,63.333333333333336,0.065
2853,1,0.0,0.063
2854,1,0.0,0.063
2855,1,0.0,0.068
2856,1,0.0,0.068
2857,5,8.0,0.053
2858,3,13.0,0.06
2859,1,0.0,0.056
2860,3,13.0,0.06
2861,1,0.0,0.056
2862,3,13.0,0.06
2863,1,0.0,0.056
2864,5,20.0,0.054
2865,3,0.0,0.06
2866,2,0.0,0.065
2867,1,0.0,0.056
2868,1,0.0,0.052
2869,1,0.0,0.049
2870,3,11.0,0.063
2871,3,11.0,0.063
2872,3,11.0,0.063
2873,1,0.0,0.059
2874,5,8.0,0.059
2875,1,0.0,0.056
2876,1,0.0,0.059
2877,1,0.0,0.059
2878,7,29.333333333333336,0.061
2879,3,0.0,0.056
2880,8,9.0,0.06
2881,6,15.0,0.059
2882,3,0.0,0.063
2883,9,101.83333333333333,0.062
2884,3,0.0,0.055
2885,3,17.0,0.065
2886,3,28.0,0.065
2887,1,0.0,0.061
2888,1,0.0,0.061
2889,4,0.0,0.06
2890,1,0.0,0.057
2891,2,0.0,0.055
2892,1,0.0,0.054
2893,4,0.0,0.054
2894,2,0.0,0.058
2895,2,0.0,0.062
2896,3,32.0,0.062
2897,2,17.0,0.059
2898,2,0.0,0.062
2899,2,0.0,0.062
2900,3,25.0,0.061
2901,1,0.0,0.058
2902,1,0.0,0.059
2903,2,0.0,0.059
2904,1,0.0,0.062
2905,1,0.0,0.062
2906,1,0.0,0.059
2907,1,0.0,0.062
2908,7,45.666666666666664,0.062
2909,3,25.0,0.076
2910,1,0.0,0.07
2911,2,0.0,0.063
2912,1,0.0,0.056
2913,1,0.0,0.058
2914,6,10.0,0.058
2915,2,0.0,0.048
2916,5,20.666666666666664,0.056
2917,4,18.0,0.059
2918,9,110.33333333333333,0.059
2919,1,0.0,0.045
2920,2,0.0,0.066
2921,1,0.0,0.058
2922,3,2.0,0.056
2923,3,0.0,0.062
2924,3,0.0,0.054
2925,1,0.0,0.052
2926,3,26.0,0.056
2927,3,26.0,0.059
2928,3,26.0,0.059
2929,1,0.0,0.053
2930,1,0.0,0.061
2931,1,0.0,0.058
2932,8,57.5,0.061
2933,1,0.0,0.06
2934,2,0.0,0.059
2935,2,0.0,0.057
2936,10,124.5,0.059
2937,4,19.0,0.058
2938,4,16.0,0.054
2939,4,5.0,0.054
2940,1,0.0,0.05
2941,3,3.0,0.062
2942,4,0.0,0.055
2943,2,1.0,0.062
2944,6,9.666666666666666,0.062
2945,1,0.0,0.058
2946,1,0.0,0.064
2947,1,0.0,0.064
2948,2,0.0,0.054
2949,2,1.0,0.068
2950,1,0.0,0.064
2951,1,0.0,0.06
2952,7,29.0,0.064
2953,3,30.0,0.075
2954,1,0.0,0.07
2955,3,36.0,0.066
2956,4,19.0,0.066
2957,3,19.0,0.062
2958,2,0.0,0.064
2959,9,120.0,0.07
2960,3,31.0,0.074
2961,1,0.0,0.069
2962,1,0.0,0.058
2963,2,0.0,0.062
2964,3,16.0,0.063
2965,2,0.0,0.05
2966,3,0.0,0.056
2967,5,8.5,0.058
2968,2,0.0,0.055
2969,3,0.0,0.062
2970,2,4.0,0.061
2971,5,9.0,0.057
2972,3,0.0,0.059
2973,3,16.0,0.065
2974,3,34.0,0.073
2975,1,0.0,0.068
2976,4,0.0,0.059
2977,5,36.0,0.058
2978,5,14.0,0.058
2979,3,34.0,0.062
2980,2,0.0,0.062
2981,3,3.0,0.052
2982,2,0.0,0.053
2983,4,24.0,0.054
2984,3,6.0,0.064
2985,1,0.0,0.06
2986,6,35.33333333333333,0.059
2987,2,6.0,0.053
2988,1,0.0,0.056
2989,2,0.0,0.058
2990,3,0.0,0.06
2991,3,5.0,0.062
2992,1,0.0,0.054
2993,3,4.0,0.053
2994,1,0.0,0.052
2995,2,0.0,0.056
2996,2,0.0,0.052
2997,5,4.5,0.064
2998,3,0.0,0.057
2999,1,0.0,0.056
3000,1,0.0,0.052
3001,4,9.0,0.055
3002,2,0.0,0.052
3003,3,0.0,0.055
3004,4,7.0,0.061
3005,8,40.0,0.061
3006,1,0.0,0.049
3007,2,1.0,0.051
3008,5,20.0,0.058
3009,4,10.0,0.052
3010,3,1.0,0.058
3011,3,0.0,0.061
3012,4,0.0,0.061
3013,1,0.0,0.054
3014,3,0.0,0.057
3015,1,0.0,0.059
3016,3,0.0,0.063
3017,7,0.0,0.06
3018,3,0.0,0.053
3019,1,0.0,0.065
3020,2,0.0,0.06
3021,1,0.0,0.058
3022,1,0.0,0.058
3023,1,0.0,0.056
3024,2,3.0,0.049
3025,1,0.0,0.055
3026,2,0.0,0.055
3027,2,0.0,0.056
3028,2,0.0,0.051
3029,1,0.0,0.058
3030,3,0.0,0.058
3031,1,0.0,0.049
3032,1,0.0,0.049
3033,2,0.0,0.056
3034,2,0.0,0.056
3035,1,0.0,0.06
3036,2,0.0,0.055
3037,1,0.0,0.056
3038,3,0.0,0.058
3039,1,0.0,0.053
3040,1,0.0,0.061
3041,6,20.5,0.06
3042,3,0.0,0.058
3043,2,0.0,0.055
3044,3,0.0,0.058
3045,2,0.0,0.061
3046,3,0.0,0.058
3047,3,0.0,0.061
3048,1,0.0,0.053
3049,3,0.0,0.059
3050,2,0.0,0.053
3051,1,0.0,0.053
3052,1,0.0,0.061
3053,1,0.0,0.054
3054,1,0.0,0.059
3055,2,0.0,0.064
3056,1,0.0,0.057
3057,1,0.0,0.053
3058,1,0.0,0.052
3059,2,0.0,0.058
3060,2,0.0,0.067
3061,2,0.0,0.048
3062,1,0.0,0.06
3063,3,0.0,0.065
3064,1,0.0,0.065
3065,3,0.0,0.056
3066,1,0.0,0.059
3067,1,0.0,0.056
3068,1,0.0,0.064
3069,3,0.0,0.049
3070,3,2.0,0.052
3071,4,5.0,0.052
3072,3,0.0,0.052
3073,3,0.0,0.054
3074,3,0.0,0.052
3075,3,2.0,0.054
3076,1,0.0,0.054
3077,2,0.0,0.056
3078,1,0.0,0.062
3079,2,0.0,0.059
3080,1,0.0,0.05
3081,2,0.0,0.049
3082,2,1.0,0.049
3083,2,0.0,0.049
3084,2,0.0,0.047
3085,2,0.0,0.049
3086,2,0.0,0.049
3087,2,1.0,0.049
3088,2,0.0,0.052
3089,2,0.0,0.049
3090,3,2.0,0.054
3091,3,2.0,0.054
3092,2,0.0,0.058
3093,1,0.0,0.056
3094,2,0.0,0.062
3095,2,0.0,0.06
3096,3,0.0,0.059
3097,2,0.0,0.059
3098,2,0.0,0.053
3099,2,0.0,0.053
3100,1,0.0,0.057
3101,3,0.0,0.052
3102,3,0.0,0.052
3103,1,0.0,0.062
3104,3,0.0,0.062
3105,3,0.0,0.056
3106,1,0.0,0.061
3107,1,0.0,0.055
3108,1,0.0,0.065
3109,3,0.0,0.065
3110,1,0.0,0.052
3111,3,0.0,0.056
3112,3,0.0,0.064
3113,3,0.0,0.053
3114,1,0.0,0.062
3115,2,0.0,0.063
3116,2,0.0,0.059
3117,5,12.0,0.056
3118,2,0.0,0.051
3119,2,0.0,0.051
3120,1,0.0,0.051
3121,2,0.0,0.065
3122,4,11.0,0.051
3123,2,4.0,0.066
3124,2,4.0,0.066
3125,1,0.0,0.058
3126,3,0.0,0.061
3127,3,0.5,0.058
3128,10,19.5,0.062
3129,5,1.0,0.058
3130,3,0.0,0.061
3131,3,0.0,0.062
3132,1,0.0,0.057
3133,3,0.0,0.056
3134,3,0.0,0.056
3135,2,0.0,0.054
3136,2,1.0,0.052
3137,3,0.0,0.054
3138,1,0.0,0.046
3139,1,0.0,0.058
3140,1,0.0,0.052
3141,2,0.0,0.056
3142,1,0.0,0.061
3143,2,0.0,0.055
3144,2,0.0,0.053
3145,2,0.0,0.056
3146,2,0.0,0.059
3147,2,0.0,0.059
3148,3,0.0,0.065
3149,2,0.0,0.059
3150,2,0.0,0.06
3151,1,0.0,0.06
3152,3,1.0,0.052
3153,3,0.0,0.058
3154,2,0.0,0.063
3155,1,0.0,0.056
3156,5,0.0,0.061
3157,2,0.0,0.057
3158,2,0.0,0.06
3159,3,0.0,0.056
3160,1,0.0,0.06
3161,2,0.0,0.065
3162,1,0.0,0.054
3163,1,0.0,0.056
3164,1,0.0,0.056
3165,1,0.0,0.049
3166,1,0.0,0.049
3167,2,0.0,0.047
3168,1,0.0,0.057
3169,1,0.0,0.051
3170,1,0.0,0.059
3171,2,0.0,0.056
3172,1,0.0,0.054
3173,4,15.0,0.056
3174,5,18.0,0.064
3175,1,0.0,0.056
3176,1,0.0,0.06
3177,1,0.0,0.057
3178,2,0.0,0.06
3179,2,0.0,0.06
3180,2,0.0,0.056
3181,2,0.0,0.056
3182,1,0.0,0.057
3183,1,0.0,0.065
3184,1,0.0,0.059
3185,1,0.0,0.056
3186,7,17.0,0.059
3187,3,0.0,0.063
3188,4,22.0,0.07
3189,3,0.0,0.061
3190,2,0.0,0.056
3191,1,0.0,0.055
3192,1,0.0,0.055
3193,1,0.0,0.052
3194,1,0.0,0.06
3195,1,0.0,0.05
3196,1,0.0,0.059
3197,6,3.0,0.057
3198,2,0.0,0.061
3199,2,0.0,0.06
3200,3,0.0,0.062
3201,2,0.0,0.049
3202,3,0.0,0.056
3203,1,0.0,0.054
3204,1,0.0,0.059
3205,2,0.0,0.055
3206,1,0.0,0.059
3207,2,0.0,0.064
3208,1,0.0,0.056
3209,2,0.0,0.054
3210,1,0.0,0.055
3211,3,0.0,0.06
3212,1,0.0,0.056
3213,3,0.0,0.053
3214,2,0.0,0.058
3215,3,0.0,0.06
3216,1,0.0,0.054
3217,2,1.0,0.06
3218,2,0.0,0.06
3219,2,2.0,0.06
3220,1,0.0,0.055
3221,3,0.0,0.058
3222,2,0.0,0.06
3223,1,0.0,0.051
3224,1,0.0,0.057
3225,1,0.0,0.057
3226,1,0.0,0.063
3227,1,0.0,0.063
3228,2,0.0,0.056
3229,2,1.0,0.05
3230,3,0.0,0.057
3231,1,0.0,0.055
3232,2,0.0,0.052
3233,1,0.0,0.059
3234,3,2.0,0.05
3235,2,0.0,0.052
3236,1,0.0,0.053
3237,1,0.0,0.053
3238,2,0.0,0.058
3239,1,0.0,0.056
3240,1,0.0,0.056
3241,1,0.0,0.056
3242,1,0.0,0.06
3243,1,0.0,0.06
3244,3,0.0,0.054
3245,2,0.0,0.052
3246,2,0.0,0.053
3247,2,0.0,0.054
3248,1,0.0,0.054
3249,1,0.0,0.049
3250,2,0.0,0.05
3251,3,1.0,0.05
3252,2,0.0,0.058
3253,2,0.0,0.06
3254,1,0.0,0.051
3255,1,0.0,0.053
3256,1,0.0,0.053
3257,1,0.0,0.053
3258,1,0.0,0.053
3259,1,0.0,0.053
3260,1,0.0,0.053
3261,1,0.0,0.053
3262,1,0.0,0.056
3263,2,0.0,0.058
3264,1,0.0,0.049
3265,2,0.0,0.06
3266,4,0.0,0.053
3267,2,0.0,0.058
3268,1,0.0,0.056
3269,2,0.0,0.054
3270,3,0.0,0.056
3271,1,0.0,0.05
3272,2,0.0,0.057
3273,1,0.0,0.05
3274,1,0.0,0.05
3275,2,0.0,0.061
3276,5,0.0,0.061
3277,2,0.0,0.055
3278,1,0.0,0.061
3279,3,0.0,0.054
3280,1,0.0,0.054
3281,3,2.0,0.059
3282,1,0.0,0.055
3283,2,0.0,0.065
3284,6,0.0,0.059
3285,1,0.0,0.053
3286,4,0.0,0.056
3287,1,0.0,0.049
3288,3,29.0,0.068
3289,3,29.0,0.068
3290,1,0.0,0.064
3291,1,0.0,0.064
3292,1,0.0,0.061
3293,3,0.0,0.049
3294,4,0.0,0.051
3295,3,7.0,0.054
3296,5,0.0,0.049
3297,4,23.0,0.052
3298,2,0.0,0.047
3299,6,18.0,0.049
3300,1,0.0,0.047
3301,3,0.0,0.052
3302,3,0.0,0.045
3303,1,0.0,0.043
3304,1,0.0,0.043
3305,1,0.0,0.043
3306,1,0.0,0.044
3307,7,0.0,0.049
3308,5,0.0,0.046
3309,4,0.0,0.049
3310,8,48.0,0.052
3311,2,0.0,0.052
3312,10,36.0,0.055
3313,2,0.0,0.049
3314,4,5.0,0.051
3315,4,0.0,0.045
3316,6,0.0,0.05
3317,7,38.0,0.053
3318,2,0.0,0.058
3319,5,0.0,0.042
3320,5,0.0,0.049
3321,5,8.0,0.052
3322,4,0.0,0.052
3323,3,12.0,0.055
3324,2,0.0,0.05
3325,2,2.0,0.047
3326,2,8.0,0.049
3327,3,0.0,0.047
3328,4,6.0,0.049
3329,9,24.0,0.05
3330,4,0.0,0.051
3331,6,15.0,0.053
3332,3,0.0,0.052
3333,5,14.0,0.054
3334,3,3.0,0.049
3335,1,0.0,0.052
3336,5,35.0,0.055
3337,5,0.0,0.047
3338,1,0.0,0.041
3339,1,0.0,0.051
3340,1,0.0,0.05
3341,3,0.0,0.05
3342,5,11.0,0.052
3343,8,0.0,0.043
3344,4,3.0,0.047
3345,4,14.0,0.058
3346,2,0.0,0.049
3347,6,0.0,0.052
3348,2,1.0,0.054
3349,3,2.0,0.049
3350,5,0.0,0.048
3351,9,44.0,0.053
3352,7,42.0,0.054
3353,4,0.0,0.046
3354,1,0.0,0.045
3355,10,22.0,0.047
3356,5,0.0,0.047
3357,2,0.0,0.049
3358,5,0.0,0.049
3359,4,5.0,0.052
3360,5,10.0,0.051
3361,3,4.5,0.054
3362,2,40.0,0.057
3363,2,0.0,0.043
3364,2,0.0,0.048
3365,3,6.0,0.052
3366,1,0.0,0.048
3367,1,0.0,0.045
3368,3,7.0,0.047
3369,2,6.0,0.05
3370,2,4.0,0.045
3371,4,0.0,0.045
3372,1,0.0,0.055
3373,1,0.0,0.04
3374,1,0.0,0.04
3375,1,0.0,0.04
3376,1,0.0,0.043
3377,1,0.0,0.038
3378,3,0.0,0.048
3379,1,0.0,0.046
3380,1,0.0,0.046
3381,1,0.0,0.05
3382,1,0.0,0.043
3383,1,0.0,0.043
3384,1,0.0,0.041
3385,1,0.0,0.05
3386,1,0.0,0.043
3387,1,0.0,0.055
3388,1,0.0,0.048
3389,1,0.0,0.046
3390,1,0.0,0.041
3391,1,0.0,0.04
3392,1,0.0,0.05
3393,1,0.0,0.05
3394,1,0.0,0.044
3395,1,0.0,0.047
3396,1,0.0,0.041
3397,1,0.0,0.041
3398,1,0.0,0.041
3399,2,0.0,0.042
3400,3,0.0,0.045
3401,4,5.0,0.047
3402,2,0.0,0.049
3403,3,6.0,0.054
3404,2,0.0,0.045
3405,1,0.0,0.041
3406,1,0.0,0.043
3407,1,0.0,0.043
3408,1,0.0,0.045
3409,1,0.0,0.045
3410,6,22.0,0.045
3411,7,42.0,0.047
3412,2,0.0,0.043
3413,2,4.0,0.05
3414,2,0.0,0.042
3415,2,0.0,0.043
3416,3,0.0,0.04
3417,2,0.0,0.04
3418,3,4.0,0.043
3419,1,0.0,0.045
3420,2,3.0,0.047
3421,2,2.0,0.05
3422,2,0.0,0.042
3423,3,4.0,0.044
3424,1,0.0,0.041
3425,1,0.0,0.042
3426,4,8.0,0.043
3427,2,0.0,0.042
3428,1,0.0,0.045
3429,3,4.0,0.047
3430,1,0.0,0.038
3431,7,10.0,0.041
3432,3,4.0,0.045
3433,2,1.0,0.047
3434,2,0.0,0.045
3435,2,0.0,0.051
3436,2,0.0,0.047
3437,2,3.0,0.045
3438,2,0.0,0.042
3439,1,0.0,0.043
3440,1,0.0,0.047
3441,1,0.0,0.047
3442,2,0.0,0.041
3443,1,0.0,0.043
3444,1,0.0,0.04
3445,4,3.0,0.045
3446,3,2.0,0.049
3447,1,0.0,0.043
3448,1,0.0,0.043
3449,2,0.0,0.047
3450,1,0.0,0.043
3451,1,0.0,0.04
3452,1,0.0,0.039
3453,2,0.0,0.047
3454,3,1.5,0.05
3455,2,2.0,0.049
3456,4,3.0,0.045
3457,1,0.0,0.043
3458,1,0.0,0.043
3459,1,0.0,0.045
3460,1,0.0,0.049
3461,1,0.0,0.043
3462,3,3.0,0.045
3463,2,2.0,0.045
3464,2,0.0,0.047
3465,3,0.0,0.047
3466,2,0.0,0.05
3467,6,17.0,0.046
3468,14,77.0,0.045
3469,2,0.0,0.047
3470,2,0.0,0.047
3471,2,1.0,0.049
3472,2,0.0,0.048
3473,2,3.0,0.055
3474,1,0.0,0.044
3475,1,0.0,0.041
3476,1,0.0,0.043
3477,1,0.0,0.049
3478,1,0.0,0.049
3479,1,0.0,0.043
3480,3,2.0,0.04
3481,1,0.0,0.038
3482,1,0.0,0.046
3483,2,1.0,0.048
3484,4,60.0,0.052
3485,4,63.0,0.049
3486,5,60.0,0.047
3487,2,33.0,0.045
3488,2,4.0,0.048
3489,2,0.0,0.047
3490,1,0.0,0.043
3491,3,3.0,0.045
3492,1,0.0,0.041
3493,3,0.0,0.038
3494,3,0.0,0.038
3495,3,0.0,0.038
3496,1,0.0,0.037
3497,7,12.0,0.041
3498,4,15.0,0.048
3499,3,0.0,0.039
3500,3,0.0,0.039
3501,3,0.0,0.039
3502,2,0.0,0.044
3503,2,2.0,0.044
3504,2,0.0,0.047
3505,1,0.0,0.045
3506,3,2.0,0.047
3507,1,0.0,0.042
3508,1,0.0,0.04
3509,1,0.0,0.042
3510,2,4.0,0.044
3511,5,7.0,0.044
3512,4,10.0,0.046
3513,2,0.0,0.042
3514,4,0.0,0.044
3515,2,6.0,0.047
3516,1,0.0,0.043
3517,3,28.0,0.045
3518,1,0.0,0.041
3519,1,0.0,0.045
3520,1,0.0,0.043
3521,1,0.0,0.046
3522,2,0.0,0.044
3523,2,3.0,0.043
3524,1,0.0,0.04
3525,3,4.0,0.042
3526,2,8.0,0.043
3527,2,0.0,0.044
3528,1,0.0,0.04
3529,2,0.0,0.048
3530,2,0.0,0.044
3531,1,0.0,0.042
3532,2,4.0,0.046
3533,1,0.0,0.044
3534,1,0.0,0.043
3535,1,0.0,0.043
3536,3,2.0,0.048
3537,2,0.0,0.043
3538,3,2.0,0.045
3539,1,0.0,0.044
3540,2,1.0,0.048
3541,3,0.0,0.045
3542,3,3.0,0.047
3543,1,0.0,0.052
3544,2,4.0,0.052
3545,4,20.0,0.049
3546,1,0.0,0.047
3547,1,0.0,0.047
3548,1,0.0,0.049
3549,1,0.0,0.044
3550,2,0.0,0.043
3551,2,0.0,0.042
3552,2,1.0,0.049
3553,3,4.0,0.044
3554,2,4.0,0.045
3555,2,0.0,0.045
3556,2,3.0,0.05
3557,2,0.0,0.048
3558,2,0.0,0.048
3559,1,0.0,0.044
3560,2,0.0,0.046
3561,2,0.0,0.051
3562,3,3.0,0.045
3563,3,3.0,0.046
3564,5,8.0,0.048
3565,3,4.0,0.042
3566,1,0.0,0.04
3567,3,0.0,0.047
3568,3,2.0,0.047
3569,2,3.0,0.045
3570,1,0.0,0.043
3571,2,1.0,0.043
3572,3,3.0,0.045
3573,2,0.0,0.042
3574,2,0.0,0.042
3575,1,0.0,0.041
3576,5,10.0,0.047
3577,2,0.0,0.045
3578,1,0.0,0.045
3579,2,0.0,0.046
3580,3,0.0,0.048
3581,2,1.0,0.048
3582,2,3.0,0.049
3583,3,2.0,0.041
3584,2,16.0,0.043
3585,2,9.0,0.045
3586,2,0.0,0.048
3587,2,0.0,0.048
3588,2,0.0,0.043
3589,2,0.0,0.043
3590,3,2.0,0.045
3591,3,9.0,0.043
3592,2,4.0,0.043
3593,2,0.0,0.052
3594,1,0.0,0.045
3595,1,0.0,0.045
3596,2,2.0,0.044
3597,2,2.0,0.045
3598,2,0.0,0.051
3599,2,0.0,0.043
3600,2,4.0,0.042
3601,3,0.0,0.045
3602,1,0.0,0.04
3603,2,0.0,0.041
3604,2,2.0,0.047
3605,3,2.0,0.043
3606,1,0.0,0.041
3607,3,2.0,0.047
3608,2,0.0,0.043
3609,3,6.0,0.047
3610,2,0.0,0.043
3611,2,2.0,0.049
3612,3,0.0,0.052
3613,2,4.0,0.043
3614,2,0.0,0.043
3615,2,0.0,0.041
3616,2,0.0,0.049
3617,1,0.0,0.047
3618,2,24.0,0.051
3619,2,3.0,0.047
3620,2,0.0,0.048
3621,3,3.0,0.047
3622,2,0.0,0.054
3623,2,0.0,0.042
3624,1,0.0,0.043
3625,3,0.0,0.043
3626,2,0.0,0.041
3627,3,0.0,0.047
3628,2,0.0,0.045
3629,2,2.0,0.046
3630,1,0.0,0.045
3631,3,2.0,0.047
3632,2,0.0,0.052
3633,2,0.0,0.047
3634,2,3.0,0.043
3635,2,4.0,0.045
3636,1,0.0,0.042
3637,3,0.0,0.044
3638,2,0.0,0.045
3639,2,1.0,0.041
3640,1,0.0,0.045
3641,2,1.0,0.047
3642,1,0.0,0.054
3643,2,2.0,0.053
3644,1,0.0,0.045
3645,3,2.0,0.047
3646,1,0.0,0.045
3647,2,0.0,0.045
3648,2,0.0,0.045
3649,3,28.0,0.054
3650,2,2.0,0.043
3651,3,5.0,0.045
3652,2,0.0,0.052
3653,1,0.0,0.043
3654,3,0.0,0.046
3655,2,0.0,0.046
3656,4,0.0,0.043
3657,2,0.0,0.045
3658,2,1.0,0.043
3659,2,0.0,0.042
3660,1,0.0,0.039
3661,4,8.0,0.049
3662,2,0.0,0.041
3663,3,0.0,0.047
3664,1,0.0,0.045
3665,2,0.0,0.043
3666,2,0.0,0.043
3667,2,1.0,0.045
3668,2,1.0,0.05
3669,2,0.0,0.051
3670,2,3.0,0.048
3671,2,0.0,0.051
3672,2,0.0,0.046
3673,2,0.0,0.051
3674,2,0.0,0.051
3675,5,9.0,0.043
3676,2,0.0,0.045
3677,2,0.0,0.043
3678,2,0.0,0.049
3679,3,24.0,0.043
3680,1,0.0,0.041
3681,1,0.0,0.041
3682,2,0.0,0.047
3683,4,3.0,0.047
3684,2,0.0,0.05
3685,2,2.0,0.045
3686,2,0.0,0.045
3687,1,0.0,0.045
3688,1,0.0,0.046
3689,2,5.0,0.051
3690,2,2.0,0.043
3691,2,2.0,0.045
3692,3,0.0,0.047
3693,2,0.0,0.047
3694,2,1.0,0.041
3695,3,0.0,0.043
3696,2,1.0,0.05
3697,3,0.0,0.052
3698,2,0.0,0.049
3699,2,0.0,0.042
3700,2,0.0,0.046
3701,2,0.0,0.046
3702,2,0.0,0.051
3703,2,0.0,0.046
3704,1,0.0,0.046
3705,3,0.0,0.048
3706,3,4.0,0.046
3707,2,3.0,0.048
3708,3,0.0,0.05
3709,3,0.0,0.047
3710,2,0.0,0.045
3711,2,0.0,0.043
3712,2,0.0,0.043
3713,2,0.0,0.045
3714,1,0.0,0.045
3715,1,0.0,0.045
3716,2,0.0,0.049
3717,2,0.0,0.044
3718,1,0.0,0.045
3719,3,0.0,0.041
3720,1,0.0,0.045
3721,2,3.0,0.047
3722,7,0.0,0.049
3723,2,0.0,0.045
3724,2,0.0,0.05
3725,2,0.0,0.049
3726,4,0.0,0.047
3727,3,0.0,0.047
3728,2,1.0,0.047
3729,2,0.0,0.049
3730,1,0.0,0.049
3731,2,0.0,0.045
3732,2,0.0,0.045
3733,2,0.0,0.045
3734,1,0.0,0.037
3735,1,0.0,0.037
3736,1,0.0,0.044
3737,4,0.0,0.047
3738,2,0.0,0.042
3739,2,0.0,0.046
3740,3,0.0,0.045
3741,2,0.0,0.045
3742,2,0.0,0.047
3743,1,0.0,0.047
3744,1,0.0,0.043
3745,2,0.0,0.047
3746,1,0.0,0.041
3747,2,0.0,0.052
3748,2,0.0,0.052
3749,2,0.0,0.045
3750,3,0.0,0.052
3751,2,0.0,0.052
3752,3,0.0,0.051
3753,3,0.0,0.052
3754,2,22.0,0.055
3755,2,2.0,0.049
3756,1,0.0,0.043
3757,4,14.0,0.045
3758,3,0.0,0.045
3759,1,0.0,0.043
3760,1,0.0,0.052
3761,3,27.0,0.055
3762,7,20.0,0.049
3763,5,0.0,0.061
3764,1,0.0,0.047
3765,1,0.0,0.057
3766,4,15.0,0.058
3767,2,11.0,0.052
3768,2,0.0,0.052
3769,3,17.0,0.057
3770,3,17.0,0.06
3771,4,0.0,0.055
3772,1,0.0,0.052
3773,2,13.0,0.051
3774,3,6.0,0.052
3775,6,0.0,0.049
3776,2,1.5,0.052
3777,2,1.5,0.052
3778,3,3.0,0.047
3779,6,0.0,0.055
3780,2,0.0,0.055
3781,7,975.0,0.058
3782,2,6.0,0.057
3783,8,32.0,0.058
3784,5,89.0,0.058
3785,7,769.0,0.061
3786,5,0.0,0.055
3787,3,282.5,0.058
3788,4,27.0,0.052
3789,3,243.5,0.058
3790,2,1.0,0.052
3791,1,0.0,0.045
3792,6,53.0,0.047
3793,4,38.0,0.055
3794,2,24.0,0.052
3795,3,63.0,0.054
3796,8,0.0,0.052
3797,7,24.0,0.055
3798,5,144.0,0.058
3799,1,0.0,0.049
3800,1,0.0,0.052
3801,3,84.0,0.055
3802,6,71.0,0.057
3803,3,48.0,0.061
3804,3,1.0,0.054
3805,2,0.0,0.048
3806,2,0.0,0.052
3807,3,2.5,0.049
3808,2,0.0,0.052
3809,5,4.0,0.049
3810,2,0.0,0.043
3811,3,3.0,0.045
3812,3,0.0,0.05
3813,2,9.0,0.052
3814,2,0.0,0.045
3815,3,0.0,0.04
3816,2,4.0,0.052
3817,3,6.0,0.05
3818,1,0.0,0.043
3819,1,0.0,0.038
3820,1,0.0,0.049
3821,2,0.0,0.042
3822,3,53.0,0.048
3823,4,29.0,0.05
3824,2,0.0,0.052
3825,3,4.0,0.052
3826,3,0.0,0.05
3827,3,0.0,0.051
3828,1,0.0,0.049
3829,4,0.0,0.052
3830,3,2.0,0.052
3831,3,3.0,0.043
3832,2,2.0,0.049
3833,2,1.0,0.049
3834,5,0.0,0.052
3835,1,0.0,0.05
3836,3,6.0,0.055
3837,2,0.0,0.052
3838,10,75.5,0.055
3839,2,18.0,0.052
3840,2,8.0,0.052
3841,1,0.0,0.055
3842,2,0.0,0.055
3843,3,2.0,0.049
3844,3,0.0,0.052
3845,2,0.0,0.049
3846,1,0.0,0.049
3847,3,3.0,0.052
3848,3,0.0,0.052
3849,2,0.0,0.042
3850,2,1.0,0.05
3851,3,6.0,0.052
3852,1,0.0,0.045
3853,3,3.0,0.047
3854,2,0.8333333333333333,0.049
3855,3,2.0,0.052
3856,2,0.0,0.049
3857,2,0.0,0.052
3858,1,0.0,0.049
3859,3,3.0,0.052
3860,2,0.0,0.047
3861,2,2.0,0.049
3862,2,16.0,0.052
3863,7,15.0,0.05
3864,3,0.0,0.048
3865,2,0.0,0.054
3866,3,1.0,0.054
3867,2,0.0,0.052
3868,2,0.0,0.055
3869,1,0.0,0.054
3870,3,0.0,0.057
3871,3,2.5,0.052
3872,4,11.0,0.052
3873,3,3.0,0.049
3874,3,7.0,0.052
3875,3,3.0,0.052
3876,2,0.0,0.049
3877,3,2.0,0.05
3878,2,10.0,0.054
3879,2,0.0,0.055
3880,2,1.0,0.045
3881,3,20.0,0.048
3882,2,3.5,0.045
3883,2,2.0,0.043
3884,2,0.0,0.054
3885,3,1.0,0.054
3886,1,0.0,0.052
3887,3,2.1666666666666665,0.049
3888,3,2.1666666666666665,0.047
3889,1,0.0,0.047
3890,3,3.833333333333333,0.047
3891,2,2.5,0.052
3892,2,2.0,0.054
3893,3,8.5,0.052
3894,2,10.0,0.054
3895,13,254.5,0.055
3896,2,0.0,0.052
3897,3,0.0,0.048
3898,3,3.0,0.05
3899,1,0.0,0.049
3900,3,0.0,0.052
3901,3,11.0,0.049
3902,3,3.5,0.049
3903,5,7.5,0.049
3904,8,99.0,0.058
3905,3,96.0,0.061
3906,2,0.0,0.052
3907,2,0.0,0.052
3908,3,2.0,0.048
3909,2,0.0,0.045
3910,2,2.0,0.045
3911,2,6.0,0.05
3912,2,0.0,0.05
3913,2,2.0,0.047
3914,2,0.0,0.052
3915,2,0.0,0.05
3916,5,8.5,0.05
3917,3,0.0,0.048
3918,6,53.0,0.052
3919,2,0.0,0.052
3920,2,0.0,0.052
3921,2,0.0,0.047
3922,3,0.0,0.047
3923,3,11.0,0.049
3924,1,0.0,0.047
3925,3,0.0,0.047
3926,1,0.0,0.047
3927,3,0.0,0.052
3928,2,0.0,0.054
3929,1,0.0,0.047
3930,3,2.0,0.047
3931,2,0.0,0.045
3932,2,0.0,0.047
3933,2,0.0,0.05
3934,1,0.0,0.049
3935,2,0.0,0.049
3936,2,0.0,0.054
3937,2,0.0,0.052
3938,3,0.0,0.058
3939,1,0.0,0.055
3940,1,0.0,0.055
3941,1,0.0,0.055
3942,1,0.0,0.047
3943,3,0.0,0.049
3944,2,0.0,0.054
3945,1,0.0,0.047
3946,1,0.0,0.057
3947,1,0.0,0.055
3948,3,0.0,0.048
3949,2,0.0,0.049
3950,2,3.0,0.05
3951,2,0.0,0.052
3952,1,0.0,0.053
3953,2,0.0,0.05
3954,4,0.0,0.059
3955,3,0.0,0.047
3956,3,9.0,0.05
3957,6,17.0,0.053
3958,3,0.0,0.048
3959,5,8.0,0.05
3960,3,0.0,0.056
3961,2,0.0,0.052
3962,4,12.0,0.055
3963,2,2.0,0.048
3964,1,0.0,0.049
3965,3,12.0,0.052
3966,5,8.5,0.063
3967,1,0.0,0.046
3968,1,0.0,0.046
3969,4,30.0,0.048
3970,2,0.0,0.048
3971,4,45.0,0.051
3972,3,6.0,0.046
3973,3,8.0,0.059
3974,1,0.0,0.055
3975,3,6.0,0.052
3976,1,0.0,0.05
3977,1,0.0,0.05
3978,2,4.0,0.05
3979,8,24.0,0.053
3980,2,0.0,0.052
3981,2,0.0,0.049
3982,3,3.0,0.059
3983,3,12.0,0.05
3984,2,8.0,0.062
3985,4,15.0,0.066
3986,2,6.0,0.062
3987,2,0.0,0.071
3988,2,0.0,0.048
3989,1,0.0,0.05
3990,2,0.0,0.047
3991,2,4.0,0.05
3992,4,6.0,0.046
3993,1,0.0,0.05
3994,2,4.0,0.052
3995,3,5.5,0.056
3996,2,0.0,0.045
3997,2,0.0,0.048
3998,2,2.0,0.047
3999,2,0.0,0.046
4000,5,35.0,0.053
4001,2,24.0,0.054
4002,3,11.0,0.052
4003,2,6.0,0.052
4004,2,9.0,0.054
4005,2,6.0,0.048
4006,2,2.0,0.048
4007,3,3.0,0.05
4008,2,0.0,0.05
4009,4,0.0,0.048
4010,2,0.0,0.053
4011,2,2.0,0.048
4012,3,9.0,0.049
4013,1,0.0,0.044
4014,2,0.0,0.051
4015,3,0.0,0.05
4016,2,0.0,0.045
4017,1,0.0,0.045
4018,2,0.0,0.047
4019,1,0.0,0.05
4020,4,0.0,0.053
4021,1,0.0,0.044
4022,2,18.0,0.057
4023,2,0.0,0.058
4024,2,7.0,0.051
4025,2,0.0,0.047
4026,2,9.0,0.05
4027,1,0.0,0.05
4028,3,19.0,0.051
4029,7,48.5,0.053
4030,4,26.0,0.057
4031,3,0.0,0.055
4032,1,0.0,0.051
4033,4,14.0,0.052
4034,5,33.0,0.055
4035,2,0.0,0.057
4036,5,11.5,0.054
4037,3,3.0,0.049
4038,5,3.5,0.052
4039,2,0.0,0.055
4040,3,5.0,0.056
4041,6,29.5,0.059
4042,1,0.0,0.056
4043,1,0.0,0.056
4044,1,0.0,0.047
4045,3,2.0,0.049
4046,2,0.0,0.048
4047,4,8.5,0.053
4048,2,1.0,0.05
4049,3,0.0,0.053
4050,2,2.0,0.047
4051,2,0.0,0.048
4052,3,39.0,0.05
4053,2,0.0,0.047
4054,1,0.0,0.043
4055,2,0.0,0.045
4056,2,0.0,0.049
4057,2,17.0,0.052
4058,2,0.0,0.05
4059,2,0.0,0.053
4060,4,4.0,0.056
4061,2,1.0,0.053
4062,2,0.0,0.056
4063,2,0.0,0.059
4064,2,0.0,0.059
4065,3,5.5,0.053
4066,2,0.0,0.056
4067,2,2.0,0.056
4068,2,0.0,0.054
4069,2,37.0,0.051
4070,2,37.0,0.051
4071,1,0.0,0.053
4072,2,24.0,0.048
4073,4,21.0,0.046
4074,1,0.0,0.044
4075,1,0.0,0.044
4076,1,0.0,0.044
4077,1,0.0,0.055
4078,3,0.0,0.059
4079,2,1.0,0.05
4080,5,0.0,0.053
4081,1,0.0,0.057
4082,1,0.0,0.057
4083,1,0.0,0.057
4084,5,74.0,0.061
4085,1,0.0,0.057
4086,5,50.0,0.061
4087,4,0.0,0.067
4088,2,0.0,0.059
4089,3,18.0,0.063
4090,5,66.0,0.06
4091,1,0.0,0.053
4092,4,5.0,0.056
4093,2,0.0,0.062
4094,2,0.0,0.063
4095,1,0.0,0.051
4096,1,0.0,0.053
4097,5,0.0,0.057
4098,4,0.0,0.056
4099,4,86.5,0.064
4100,4,0.0,0.06
4101,4,6.0,0.064
4102,4,25.0,0.061
4103,3,0.0,0.063
4104,1,0.0,0.059
4105,4,180.0,0.054
4106,6,245.0,0.056
4107,2,16.0,0.053
4108,1,0.0,0.051
4109,2,0.0,0.053
4110,5,72.0,0.061
4111,6,31.0,0.063
4112,3,19.0,0.067
4113,2,7.0,0.054
4114,4,12.0,0.057
4115,3,0.0,0.064
4116,1,0.0,0.053
4117,3,0.0,0.054
4118,4,12.0,0.057
4119,4,0.0,0.071
4120,5,100.0,0.075
4121,5,40.0,0.059
4122,1,0.0,0.051
4123,1,0.0,0.051
4124,3,0.0,0.054
4125,1,0.0,0.06
4126,1,0.0,0.06
4127,2,0.0,0.06
4128,7,18.0,0.064
4129,4,10.0,0.06
4130,1,0.0,0.056
4131,2,1.0,0.059
4132,2,0.0,0.06
4133,2,1.0,0.06
4134,3,0.0,0.057
4135,1,0.0,0.054
4136,2,0.0,0.057
4137,4,0.0,0.057
4138,6,95.5,0.061
4139,2,0.0,0.059
4140,1,0.0,0.053
4141,1,0.0,0.053
4142,1,0.0,0.053
4143,4,0.0,0.056
4144,2,8.0,0.054
4145,2,1.0,0.057
4146,2,0.0,0.054
4147,5,252.0,0.06
4148,3,4.0,0.06
4149,3,6.0,0.057
4150,2,0.0,0.058
4151,7,295.0,0.063
4152,5,178.0,0.067
4153,2,0.0,0.057
4154,6,45.0,0.06
4155,4,0.0,0.06
4156,5,43.33333333333333,0.064
4157,5,4.0,0.054
4158,5,7.5,0.06
4159,2,0.0,0.057
4160,4,28.0,0.064
4161,2,0.0,0.06
4162,6,73.0,0.064
4163,4,126.0,0.072
4164,7,289.0,0.077
4165,3,34.0,0.063
4166,5,17.0,0.063
4167,3,0.0,0.059
4168,1,0.0,0.056
4169,1,0.0,0.056
4170,1,0.0,0.053
4171,3,3.0,0.056
4172,8,106.16666666666667,0.068
4173,3,0.0,0.06
4174,3,52.0,0.072
4175,3,2.0,0.056
4176,1,0.0,0.053
4177,1,0.0,0.068
4178,1,0.0,0.068
4179,5,0.0,0.073
4180,4,0.0,0.063
4181,6,18.0,0.06
4182,3,2.0,0.059
4183,1,0.0,0.056
4184,2,9.0,0.051
4185,1,0.0,0.048
4186,3,4.0,0.064
4187,8,55.5,0.067
4188,4,21.0,0.063
4189,2,4.0,0.056
4190,1,0.0,0.06
4191,1,0.0,0.06
4192,1,0.0,0.06
4193,7,26.0,0.064
4194,3,40.0,0.068
4195,4,0.0,0.059
4196,5,0.0,0.063
4197,1,0.0,0.061
4198,1,0.0,0.061
4199,9,490.0,0.065
4200,1,0.0,0.054
4201,3,0.0,0.062
4202,4,83.0,0.061
4203,6,25.0,0.063
4204,4,24.0,0.056
4205,1,0.0,0.067
4206,5,235.0,0.068
4207,4,135.0,0.072
4208,2,0.0,0.06
4209,6,70.0,0.059
4210,5,12.0,0.056
4211,4,0.0,0.064
4212,2,24.0,0.059
4213,2,0.0,0.068
4214,3,5.0,0.06
4215,2,14.0,0.063
4216,2,0.0,0.067
4217,3,0.0,0.064
4218,7,128.0,0.072
4219,3,0.0,0.077
4220,1,0.0,0.06
4221,6,18.0,0.064
4222,3,0.0,0.06
4223,1,0.0,0.051
4224,7,54.0,0.057
4225,1,0.0,0.059
4226,1,0.0,0.056
4227,2,0.0,0.061
4228,1,0.0,0.051
4229,1,0.0,0.051
4230,1,0.0,0.057
4231,1,0.0,0.057
4232,1,0.0,0.057
4233,1,0.0,0.051
4234,1,0.0,0.06
4235,1,0.0,0.059
4236,1,0.0,0.059
4237,1,0.0,0.054
4238,1,0.0,0.054
4239,1,0.0,0.051
4240,1,0.0,0.051
4241,1,0.0,0.057
4242,1,0.0,0.057
4243,2,0.0,0.058
4244,1,0.0,0.057
4245,1,0.0,0.054
4246,3,2.0,0.054
4247,1,0.0,0.051
4248,1,0.0,0.051
4249,1,0.0,0.057
4250,1,0.0,0.058
4251,1,0.0,0.057
4252,1,0.0,0.057
4253,1,0.0,0.054
4254,1,0.0,0.056
4255,1,0.0,0.053
4256,1,0.0,0.059
4257,1,0.0,0.056
4258,1,0.0,0.057
4259,1,0.0,0.054
4260,1,0.0,0.057
4261,1,0.0,0.059
4262,1,0.0,0.059
4263,1,0.0,0.053
4264,3,0.0,0.056
4265,2,0.0,0.062
4266,1,0.0,0.056
4267,1,0.0,0.063
4268,1,0.0,0.059
4269,1,0.0,0.06
4270,1,0.0,0.054
4271,1,0.0,0.054
4272,1,0.0,0.054
4273,1,0.0,0.054
4274,1,0.0,0.054
4275,1,0.0,0.054
4276,1,0.0,0.056
4277,1,0.0,0.056
4278,1,0.0,0.056
4279,5,16.0,0.059
4280,1,0.0,0.053
4281,1,0.0,0.053
4282,1,0.0,0.053
4283,1,0.0,0.053
4284,3,16.0,0.059
4285,2,0.0,0.066
4286,1,0.0,0.053
4287,1,0.0,0.053
4288,1,0.0,0.059
4289,1,0.0,0.059
4290,1,0.0,0.059
4291,4,15.0,0.056
4292,1,0.0,0.053
4293,1,0.0,0.053
4294,1,0.0,0.053
4295,1,0.0,0.056
4296,1,0.0,0.056
4297,1,0.0,0.056
4298,1,0.0,0.056
4299,3,2.0,0.056
4300,1,0.0,0.06
4301,3,66.0,0.067
4302,1,0.0,0.063
4303,1,0.0,0.063
4304,1,0.0,0.057
4305,3,15.0,0.057
4306,1,0.0,0.057
4307,1,0.0,0.054
4308,1,0.0,0.056
4309,1,0.0,0.056
4310,1,0.0,0.056
4311,1,0.0,0.056
4312,1,0.0,0.056
4313,1,0.0,0.053
4314,1,0.0,0.053
4315,1,0.0,0.053
4316,1,0.0,0.053
4317,7,0.0,0.068
4318,1,0.0,0.053
4319,1,0.0,0.053
4320,1,0.0,0.054
4321,1,0.0,0.056
4322,1,0.0,0.056
4323,1,0.0,0.057
4324,1,0.0,0.057
4325,1,0.0,0.057
4326,1,0.0,0.054
4327,5,0.0,0.04
4328,2,0.0,0.038
4329,2,0.0,0.037
4330,1,0.0,0.04
4331,3,1.5,0.037
4332,11,0.0,0.04
4333,7,0.0,0.037
4334,1,0.0,0.038
4335,6,6.0,0.04
4336,9,22.833333333333336,0.04
4337,2,0.0,0.038
4338,1,0.0,0.037
4339,1,0.0,0.037
4340,6,10.833333333333334,0.038
4341,3,57.666666666666664,0.04
4342,9,72.0,0.038
4343,4,0.0,0.038
4344,6,0.0,0.042
4345,14,80.0,0.04
4346,10,47.0,0.04
4347,7,4.333333333333333,0.04
4348,1,0.0,0.037
4349,1,0.0,0.038
4350,1,0.0,0.033
4351,3,16.0,0.035
4352,11,8.0,0.043
4353,3,0.0,0.037
4354,2,0.0,0.038
4355,3,0.5,0.037
4356,1,0.0,0.037
4357,7,13.5,0.038
4358,3,0.0,0.036
4359,10,43.4,0.036
4360,2,2.0,0.038
4361,10,16.333333333333332,0.038
4362,2,49.33333333333333,0.047
4363,4,63.33333333333333,0.045
4364,6,14.1,0.037
4365,6,18.0,0.038
4366,1,0.0,0.038
4367,6,19.0,0.04
4368,7,28.0,0.038
4369,3,30.666666666666668,0.043
4370,3,30.666666666666668,0.043
4371,6,8.0,0.036
4372,8,26.73333333333333,0.037
4373,11,40.53333333333334,0.038
4374,8,80.33333333333333,0.042
4375,4,21.333333333333332,0.04
4376,6,34.83333333333333,0.042
4377,4,0.0,0.038
4378,1,0.0,0.037
4379,1,0.0,0.033
4380,4,1.0,0.035
4381,11,46.916666666666664,0.042
4382,2,0.0,0.036
4383,6,11.233333333333333,0.037
4384,11,99.08333333333333,0.042
4385,4,0.0,0.04
4386,4,20.0,0.04
4387,1,0.0,0.038
4388,1,0.0,0.035
4389,1,0.0,0.037
4390,1,0.0,0.037
4391,9,10.0,0.038
4392,10,47.666666666666664,0.042
4393,1,0.0,0.037
4394,1,0.0,0.036
4395,11,8.166666666666664,0.038
4396,5,0.0,0.037
4397,2,0.0,0.035
4398,6,0.25,0.042
4399,3,0.0,0.037
4400,2,0.0,0.038
4401,8,21.25,0.042
4402,10,0.0,0.04
4403,2,0.0,0.036
4404,6,21.0,0.038
4405,2,0.0,0.037
4406,2,0.0,0.038
4407,3,0.0,0.038
4408,6,14.0,0.042
4409,2,0.0,0.038
4410,4,0.0,0.04
4411,2,0.0,0.037
4412,2,0.0,0.037
4413,7,0.0,0.042
4414,1,0.0,0.037
4415,3,0.0,0.039
4416,5,0.0,0.035
4417,3,0.0,0.038
4418,2,0.0,0.038
4419,2,0.0,0.038
4420,1,0.0,0.046
4421,4,6.0,0.048
4422,2,0.0,0.044
4423,1,0.0,0.049
4424,1,0.0,0.042
4425,1,0.0,0.043
4426,2,5.0,0.045
4427,2,0.0,0.046
4428,1,0.0,0.045
4429,1,0.0,0.044
4430,1,0.0,0.043
4431,2,1.0,0.041
4432,2,6.0,0.046
4433,1,0.0,0.04
4434,1,0.0,0.046
4435,5,25.0,0.049
4436,4,28.0,0.051
4437,3,20.0,0.056
4438,1,0.0,0.05
4439,4,12.0,0.053
4440,1,0.0,0.05
4441,4,18.0,0.053
4442,4,19.0,0.051
4443,2,0.0,0.048
4444,3,7.0,0.063
4445,3,7.0,0.06
4446,6,14.0,0.055
4447,1,0.0,0.06
4448,7,54.0,0.064
4449,1,0.0,0.056
4450,1,0.0,0.056
4451,1,0.0,0.06
4452,1,0.0,0.06
4453,1,0.0,0.06
4454,3,12.0,0.063
4455,3,7.0,0.063
4456,1,0.0,0.06
4457,2,6.0,0.063
4458,18,215.0,0.068
4459,2,0.0,0.063
4460,1,0.0,0.054
4461,6,0.0,0.058
4462,4,0.0,0.06
4463,1,0.0,0.063
4464,1,0.0,0.063
4465,1,0.0,0.063
4466,1,0.0,0.063
4467,2,0.0,0.046
4468,2,0.0,0.047
4469,5,0.0,0.05
4470,3,0.0,0.046
4471,2,0.0,0.045
4472,1,0.0,0.039
4473,5,0.0,0.057
4474,4,20.0,0.06
4475,2,1.0,0.043
4476,6,79.0,0.06
4477,3,68.0,0.062
4478,3,12.0,0.05
4479,2,4.0,0.053
4480,2,0.0,0.05
4481,2,2.0,0.053
4482,3,0.0,0.05
4483,3,3.0,0.052
4484,2,0.0,0.051
4485,7,40.0,0.048
4486,3,0.0,0.044
4487,3,13.0,0.046
4488,2,0.0,0.044
4489,2,0.0,0.046
4490,2,0.0,0.047
4491,5,7.0,0.049
4492,3,6.0,0.051
4493,4,0.0,0.052
4494,2,0.0,0.049
4495,2,0.0,0.045
4496,2,18.0,0.046
4497,3,0.0,0.04
4498,2,0.0,0.046
4499,2,1.0,0.044
4500,5,6.0,0.048
4501,2,0.0,0.05
4502,1,0.0,0.049
4503,3,3.0,0.051
4504,2,0.0,0.042
4505,2,0.0,0.049
4506,3,4.0,0.052
4507,3,2.0,0.053
4508,4,4.5,0.054
4509,3,2.0,0.044
4510,2,2.0,0.049
4511,2,0.0,0.052
4512,4,0.0,0.051
4513,3,0.0,0.047
4514,1,0.0,0.045
4515,2,0.0,0.045
4516,3,0.0,0.048
4517,2,2.0,0.051
4518,4,5.0,0.048
4519,2,0.0,0.041
4520,8,9.0,0.041
4521,1,0.0,0.039
4522,4,6.0,0.044
4523,2,0.0,0.047
4524,2,0.0,0.045
4525,2,0.0,0.048
4526,3,2.0,0.048
4527,1,0.0,0.042
4528,3,2.0,0.044
4529,2,3.0,0.043
4530,2,6.0,0.047
4531,3,0.0,0.049
4532,3,0.0,0.054
4533,2,2.0,0.042
4534,5,0.0,0.053
4535,3,0.0,0.056
4536,2,1.0,0.055
4537,4,0.0,0.054
4538,5,0.0,0.044
4539,3,0.0,0.044
4540,3,13.0,0.049
4541,3,5.0,0.055
4542,4,4.5,0.051
4543,2,3.0,0.054
4544,1,0.0,0.041
4545,2,0.0,0.045
4546,2,2.0,0.049
4547,3,5.0,0.04
4548,2,0.0,0.043
4549,3,2.0,0.045
4550,2,1.0,0.045
4551,2,0.0,0.045
4552,4,18.0,0.058
4553,3,4.0,0.044
4554,4,6.0,0.046
4555,2,0.0,0.041
4556,2,0.0,0.048
4557,2,0.0,0.052
4558,1,0.0,0.047
4559,1,0.0,0.042
4560,2,0.0,0.051
4561,3,3.0,0.05
4562,4,3.0,0.046
4563,2,1.0,0.048
4564,5,0.0,0.047
4565,3,2.0,0.047
4566,2,0.0,0.048
4567,3,9.0,0.051
4568,2,3.0,0.043
4569,2,0.0,0.054
4570,5,9.0,0.051
4571,2,4.0,0.053
4572,1,0.0,0.058
4573,4,21.0,0.061
4574,5,40.0,0.061
4575,2,2.0,0.051
4576,1,0.0,0.043
4577,2,0.0,0.051
4578,1,0.0,0.049
4579,4,3.0,0.043
4580,1,0.0,0.047
4581,3,2.0,0.049
4582,3,0.0,0.052
4583,2,0.0,0.046
4584,2,0.0,0.047
4585,3,2.0,0.043
4586,2,1.0,0.043
4587,1,0.0,0.041
4588,4,40.0,0.048
4589,3,0.0,0.041
4590,3,4.0,0.048
4591,2,0.0,0.052
4592,3,3.0,0.04
4593,1,0.0,0.046
4594,1,0.0,0.057
4595,1,0.0,0.057
4596,2,0.0,0.052
4597,2,0.0,0.042
4598,2,0.0,0.045
4599,1,0.0,0.047
4600,2,1.0,0.047
4601,2,6.0,0.048
4602,6,13.5,0.049
4603,1,0.0,0.051
4604,1,0.0,0.051
4605,3,8.0,0.054
4606,3,9.0,0.042
4607,3,9.0,0.053
4608,4,10.0,0.056
4609,2,0.0,0.048
4610,2,1.0,0.049
4611,3,0.0,0.048
4612,1,0.0,0.044
4613,2,0.0,0.048
4614,2,0.0,0.048
4615,2,0.0,0.052
4616,3,2.0,0.05
4617,2,0.0,0.054
4618,1,0.0,0.05
4619,3,9.0,0.051
4620,3,4.0,0.042
4621,3,6.0,0.048
4622,3,0.0,0.048
4623,1,0.0,0.044
4624,2,0.0,0.046
4625,1,0.0,0.049
4626,3,3.0,0.048
4627,3,22.0,0.055
4628,4,5.0,0.056
4629,1,0.0,0.045
4630,2,4.0,0.051
4631,2,0.0,0.053
4632,2,2.0,0.053
4633,2,4.0,0.046
4634,2,3.0,0.055
4635,1,0.0,0.038
4636,2,0.0,0.051
4637,3,5.0,0.052
4638,1,0.0,0.041
4639,2,4.0,0.048
4640,3,3.5,0.045
4641,3,10.0,0.047
4642,1,0.0,0.049
4643,4,6.0,0.055
4644,3,7.0,0.058
4645,2,6.0,0.045
4646,2,1.5,0.054
4647,1,0.0,0.04
4648,3,0.0,0.047
4649,5,20.0,0.053
4650,1,0.0,0.046
4651,6,10.0,0.058
4652,6,0.0,0.061
4653,2,1.0,0.047
4654,4,0.0,0.05
4655,5,14.0,0.056
4656,2,0.0,0.058
4657,2,3.0,0.047
4658,2,0.0,0.052
4659,3,0.0,0.047
4660,5,10.0,0.055
4661,3,3.0,0.053
4662,4,0.0,0.056
4663,1,0.0,0.042
4664,3,0.0,0.044
4665,1,0.0,0.049
4666,1,0.0,0.044
4667,3,11.0,0.048
4668,1,0.0,0.043
4669,2,0.0,0.047
4670,3,5.0,0.049
4671,2,1.0,0.04
4672,2,3.0,0.048
4673,2,1.0,0.05
4674,3,0.0,0.042
4675,3,1.5,0.051
4676,3,0.0,0.046
4677,4,6.5,0.054
4678,3,0.0,0.057
4679,2,0.0,0.044
4680,1,0.0,0.052
4681,2,0.0,0.044
4682,1,0.0,0.05
4683,3,0.0,0.052
4684,2,0.0,0.051
4685,2,0.0,0.048
4686,5,0.0,0.051
4687,2,0.0,0.047
4688,2,0.0,0.052
4689,4,12.0,0.051
4690,2,0.0,0.053
4691,3,7.0,0.048
4692,1,0.0,0.046
4693,1,0.0,0.048
4694,3,30.0,0.048
4695,4,64.0,0.051
4696,1,0.0,0.048
4697,2,0.0,0.038
4698,1,0.0,0.038
4699,3,0.0,0.039
4700,3,0.0,0.049
4701,1,0.0,0.044
4702,2,0.0,0.05
4703,3,12.0,0.044
4704,2,0.0,0.045
4705,2,0.0,0.047
4706,2,0.0,0.052
4707,2,0.0,0.047
4708,5,0.0,0.05
4709,2,0.0,0.045
4710,2,0.0,0.043
4711,2,1.0,0.043
4712,2,0.0,0.046
4713,2,1.0,0.05
4714,2,0.0,0.045
4715,2,0.0,0.046
4716,2,0.0,0.05
4717,2,0.0,0.045
4718,2,0.0,0.046
4719,3,4.0,0.055
4720,2,1.0,0.044
4721,3,0.0,0.048
4722,3,2.0,0.052
4723,3,0.0,0.054
4724,2,1.0,0.042
4725,2,0.0,0.048
4726,3,0.0,0.051
4727,6,9.0,0.046
4728,5,4.0,0.047
4729,2,0.0,0.047
4730,2,0.0,0.046
4731,2,1.0,0.044
4732,2,0.0,0.052
4733,5,20.0,0.052
4734,2,0.0,0.044
4735,2,0.0,0.042
4736,2,0.0,0.044
4737,2,2.0,0.048
4738,2,0.0,0.042
4739,4,8.0,0.051
4740,2,6.0,0.05
4741,2,0.0,0.046
4742,2,0.0,0.048
4743,2,0.0,0.053
4744,2,1.0,0.046
4745,2,0.0,0.05
4746,2,0.0,0.047
4747,2,0.0,0.047
4748,2,0.0,0.046
4749,4,4.0,0.053
4750,2,5.0,0.051
4751,5,0.0,0.048
4752,1,0.0,0.047
4753,3,4.0,0.053
4754,3,0.0,0.051
4755,3,2.0,0.046
4756,1,0.0,0.048
4757,1,0.0,0.05
4758,1,0.0,0.044
4759,2,0.0,0.047
4760,1,0.0,0.046
4761,3,3.0,0.048
4762,1,0.0,0.041
4763,2,0.0,0.046
4764,1,0.0,0.046
4765,1,0.0,0.046
4766,1,0.0,0.044
4767,3,18.0,0.044
4768,2,0.0,0.042
4769,2,10.0,0.042
4770,1,0.0,0.04
4771,3,0.0,0.046
4772,1,0.0,0.048
4773,1,0.0,0.046
4774,1,0.0,0.044
4775,1,0.0,0.044
4776,1,0.0,0.041
4777,1,0.0,0.046
4778,1,0.0,0.046
4779,2,8.0,0.046
4780,2,5.0,0.044
4781,1,0.0,0.046
4782,2,2.0,0.046
4783,1,0.0,0.048
4784,3,0.0,0.051
4785,1,0.0,0.044
4786,2,0.0,0.046
4787,1,0.0,0.039
4788,2,16.0,0.046
4789,1,0.0,0.047
4790,1,0.0,0.045
4791,2,0.0,0.048
4792,3,14.0,0.044
4793,3,12.0,0.042
4794,2,0.0,0.04
4795,1,0.0,0.042
4796,1,0.0,0.048
4797,1,0.0,0.049
4798,2,1.0,0.039
4799,2,0.0,0.049
4800,1,0.0,0.039
4801,1,0.0,0.039
4802,1,0.0,0.039
4803,1,0.0,0.046
4804,1,0.0,0.046
4805,1,0.0,0.042
4806,1,0.0,0.042
4807,1,0.0,0.042
4808,1,0.0,0.042
4809,1,0.0,0.042
4810,1,0.0,0.046
4811,1,0.0,0.048
4812,1,0.0,0.044
4813,1,0.0,0.045
4814,1,0.0,0.045
4815,1,0.0,0.045
4816,2,2.0,0.052
4817,1,0.0,0.049
4818,1,0.0,0.037
4819,1,0.0,0.047
4820,4,0.0,0.049
4821,1,0.0,0.043
4822,1,0.0,0.037
4823,2,0.0,0.048
4824,1,0.0,0.042
4825,1,0.0,0.042
4826,3,0.0,0.054
4827,2,0.0,0.047
4828,3,0.0,0.058
4829,2,0.0,0.056
4830,3,3.5,0.051
4831,3,10.0,0.052
4832,4,40.0,0.065
4833,2,0.0,0.048
4834,3,0.0,0.054
4835,1,0.0,0.06
4836,5,4.0,0.064
4837,3,0.0,0.068
4838,3,0.0,0.052
4839,2,0.0,0.049
4840,4,0.0,0.06
4841,4,21.0,0.063
4842,1,0.0,0.056
4843,1,0.0,0.056
4844,1,0.0,0.059
4845,2,0.0,0.048
4846,1,0.0,0.057
4847,3,14.0,0.057
4848,5,18.0,0.06
4849,2,0.0,0.06
4850,5,8.0,0.053
4851,2,0.0,0.058
4852,2,0.0,0.06
4853,1,0.0,0.055
4854,3,2.0,0.058
4855,2,0.0,0.057
4856,2,0.0,0.061
4857,1,0.0,0.058
4858,1,0.0,0.057
4859,4,11.0,0.061
4860,3,0.0,0.06
4861,3,10.0,0.056
4862,3,15.0,0.055
4863,2,14.0,0.055
4864,3,4.0,0.061
4865,2,1.0,0.049
4866,4,10.0,0.056
4867,7,30.0,0.059
4868,1,0.0,0.056
4869,1,0.0,0.056
4870,2,0.0,0.054
4871,2,2.0,0.061
4872,4,0.0,0.057
4873,3,15.0,0.06
4874,3,7.0,0.058
4875,3,7.0,0.052
4876,5,18.0,0.055
4877,2,18.0,0.055
4878,9,36.0,0.058
4879,3,9.0,0.061
4880,3,2.0,0.057
4881,2,0.0,0.055
4882,2,0.0,0.061
4883,3,0.0,0.057
4884,3,0.0,0.061
4885,5,60.0,0.057
4886,3,52.0,0.059
4887,4,11.0,0.062
4888,4,27.0,0.061
4889,3,0.0,0.063
4890,2,0.0,0.054
4891,2,12.0,0.063
4892,2,2.0,0.061
4893,5,15.0,0.065
4894,2,0.0,0.065
4895,1,0.0,0.053
4896,2,0.5,0.046
4897,4,0.0,0.06
4898,3,2.5,0.051
4899,3,8.0,0.054
4900,3,0.0,0.06
4901,4,0.0,0.059
4902,3,0.0,0.063
4903,2,1.0,0.051
4904,2,0.0,0.05
4905,2,0.0,0.054
4906,2,0.0,0.053
4907,2,0.0,0.056
4908,3,4.0,0.05
4909,2,0.0,0.056
4910,2,0.0,0.052
4911,1,0.0,0.053
4912,1,0.0,0.049
4913,2,2.0,0.052
4914,2,0.0,0.055
4915,1,0.0,0.054
4916,1,0.0,0.051
4917,2,1.0,0.054
4918,2,2.0,0.052
4919,1,0.0,0.048
4920,1,0.0,0.055
4921,2,0.0,0.056
4922,2,0.0,0.051
4923,3,0.0,0.051
4924,3,0.0,0.055
4925,3,0.0,0.056
4926,2,0.0,0.048
4927,2,48.0,0.05
4928,3,44.0,0.052
4929,2,23.0,0.049
4930,3,2.0,0.041
4931,1,0.0,0.04
4932,2,0.0,0.047
4933,2,0.0,0.047
4934,3,0.0,0.05
4935,2,1.0,0.045
4936,1,0.0,0.045
4937,2,0.0,0.043
4938,2,0.0,0.047
4939,2,1.0,0.045
4940,2,0.0,0.046
